lat,lon,station_id,color,station_name,date,Параметр,"Қауіпті деңгей, см","Нақты деңгей, см","Нақты шығын, м³/с","Судың температурасы,°C",Су объектінің күй коды,param
48.0053,85.2228,11001,lightblue,Қара Ертіс өзені – Боран ауылы,2026-03-25,Мәні,560,288,132,NA,539 540,level
50.3894,80.9969,11002,lightblue,Ертіс өзені – Баженово ауылы,2026-03-25,Мәні,NA,267,,0.6,600,level
48.02389,85.42806,11003,lightblue,"Қара Ертіс ө. - ҚХР шекарасында (ҚХР шекарасынан 7,5 км төмен)",2026-03-25,Мәні,NA,NA,NA,NA,NA,level
47.39218,85.68813,11004,lightblue,Үлкен Ұласты ө.,2026-03-25,Мәні,NA,NA,NA,NA,NA,level
50.0631,82.3947,11005,lightblue,Ертіс өзені – Уварово ауылы,2026-03-25,Мәні,NA,205,,0.4,546,level
48.83606,82.72606,11007,lightblue,Талменка ө. – Преображенка а.,2026-03-25,Мәні,NA,100,NA,NA,NA 546,level
49.8908,82.698,11019,lightblue,Ертіс өзені – Абылайкит ауылы,2026-03-25,Мәні,350,209,,3,600,level
50.3792,80.2631,11025,lightblue,Ертіс өзені – Семей қ.,2026-03-25,Мәні,450,261,,NA,565,level
50.8861,78.3122,11027,lightblue,Ертіс өзені – Семиярка ауылы,2026-03-25,Мәні,550,263,660,NA,566 708,level
52.2648,76.9377,11037,lightblue,Ертіс өзені – Павлодар қ.,2026-03-25,Мәні,800,354,,NA,565,level
53.3258,75.4719,11040,lightblue,Ертіс өзені – Ертіс а.,2026-03-25,Мәні,1262,170,,NA,565,level
53.7057,75.083,11041,lightblue,Ертіс өзені - Прииртышское ауылы,2026-03-25,Мәні,1967,480,613,NA,565,level
48.4348,85.8389,11063,lightblue,БасТеректі өзені – Мойылды ауылы (Николаевка),2026-03-25,Мәні,NA,104,3.17,0.1,NA 563,level
48.1366,85.1963,11068,lightblue,Қалжыр өзені – Қалжыр ауылы,2026-03-25,Мәні,NA,379,12.7,0,NA 564,level
47.283,84.1061,11077,lightblue,Қандысу өзені – Сарыөлең ауылы,2026-03-25,Мәні,NA,75,4.17,0.1,NA 513,level
47.738,82.8379,11087,lightblue,Қарғыбы өзені (Қарабұға) – Есім ауылы,2026-03-25,Мәні,NA,412,,0,NA 564,level
47.8785,82.01,11089,lightblue,Бұғаз өзені – Қызыл-Кесік ауылы,2026-03-25,Мәні,NA,265,,0.2,NA 537,level
49.0097,82.7882,11094,lightblue,Үлкен Бөкен өзені – Джумба ауылы,2026-03-25,Мәні,NA,235,0.44,0,NA 565,level
48.6059,83.8701,11108,lightblue,Күршім өзені – Вознесенка ауылы,2026-03-25,Мәні,350,200,15.1,0.2,540 537,level
48.7556,84.675,11110,lightblue,Күршім өзені – Маралды ауылы,2026-03-25,Мәні,NA,219,9.78,0.2,NA 563,level
49.0259,83.5528,11113,lightblue,Қайынды өзені – Миролюбовка ауылы,2026-03-25,Мәні,NA,109,NA,0.2,546,level
49.207,84.5177,11117,lightblue,Нарын өзені – Үлкен Нарын ауылы,2026-03-25,Мәні,NA,146,9.21,2.2,600,level
49.2092,84.6597,11118,lightblue,Нарын өзені – Юбилейное ауылы,2026-03-25,Мәні,NA,281,7.55,1,600,level
49.6242,84.351,11123,lightblue,Березовка өзені – Соловьево ауылы,2026-03-25,Мәні,290,85,0.3,0.2,564,level
49.3661,86.4492,11124,lightblue,Бұқтырма өзені – Берел ауылы,2026-03-25,Мәні,290,68,8.65,0,NA 565,level
49.332,85.1716,11126,lightblue,Бұқтырма өзені – Барлық ауылы (Печи ауылы),2026-03-25,Мәні,250,86,17.2,0.1,NA 537,level
49.73419,84.56333,11128,lightblue,Бұқтырма ө. – Быково а.,2026-03-25,Мәні,NA,337,NA,NA,NA 565,level
49.8295,84.3292,11129,lightblue,Бұқтырма өзені – Лесная пристань ауылы,2026-03-25,Мәні,580,320,35,0.1,563,level
49.3835,86.4299,11130,lightblue,Ақберел өзені – Берел ауылы,2026-03-25,Мәні,NA,242,,0.2,NA 563,level
49.2265,85.8874,11131,lightblue,Черновая өзені – Черновое ауылы,2026-03-25,Мәні,NA,497,1.51,0,NA 564,level
49.584583,84.786028,11135,lightblue,Бұқтырма өзені – Сенное ауылы,2026-03-25,Мәні,NA,230,NA,0,NA 564,level
49.2475,86.3346,11136,lightblue,Өрел өзені – Өрел ауылы,2026-03-25,Мәні,NA,138,1.68,1,NA 513,level
49.3784,85.4105,11143,lightblue,Ақсу өзені – Ақсу ауылы (Белая өзені – Белое ауылы),2026-03-25,Мәні,NA,121,4.45,0,NA 565,level
49.5116,84.391,11146,lightblue,Левая Березовка өзені – Средигорное ауылы,2026-03-25,Мәні,200,72,0.83,0,546,level
49.8915,84.0783,11147,lightblue,Тұрғысын өзені – Кутиха ауылы,2026-03-25,Мәні,NA,149,26.8,0.2,NA 563,level
49.175,85.5817,11148,lightblue,Сарымсақты өзені – Қатон-Қарағай ауылы,2026-03-25,Мәні,NA,275,NA,0.2,600,level
49.8356,84.3296,11151,lightblue,Хамир өзені – Малеевск ауылы,2026-03-25,Мәні,NA,100,14.1,0.1,519 546,level
49.5542,83.0003,11155,lightblue,Тайынты өзені – Асубұлақ ауылы,2026-03-25,Мәні,NA,236,2.83,0.2,NA 513,level
49.8202,83.1452,11159,lightblue,Смолянка өзені – Северное ауылы,2026-03-25,Мәні,NA,59,0.66,0.2,546,level
49.3939,82.5608,11160,lightblue,Сибе өзені – Алғабас ауылы,2026-03-25,Мәні,NA,106,NA,1,NA 546,level
50.2677,83.3745,11163,lightblue,Үлбі өзені – Риддер қаласы,2026-03-25,Мәні,NA,319,,NA,563,level
50.0107,82.8419,11164,lightblue,Үлбі өзені – Перевалочная ауылы,2026-03-25,Мәні,380,98,28,0.2,545 564,level
50.02169,82.86806,11165,lightblue,Кіші Үлбі ө. – Новоульбинка а.,2026-03-25,Мәні,NA,205,NA,NA,NA 539,level
50.1905,82.58,11170,lightblue,Глубочанка өзені – Белокаменка ауылы,2026-03-25,Мәні,334,224,0.93,0.4,546 546,level
50.3647,83.4471,11173,lightblue,Шаровка өзені – Шаровка ауылы,2026-03-25,Мәні,NA,138,NA,0,NA 564,level
49.9877,82.2633,11187,lightblue,Дресвянка өзені – Отрадное ауылы,2026-03-25,Мәні,NA,90,7.66,0.1,546,level
50.2473,82.2437,11188,lightblue,Красноярка өзені – Предгорное ауылы,2026-03-25,Мәні,350,184,2.17,0.4,515,level
49.9888,82.9151,11189,lightblue,Үлбі өзені – Таулы Үлбі ауылы,2026-03-25,Мәні,380,149,,0.2,563,level
50.7702,83.0361,11199,lightblue,Оба өзені – Қарақожа ауылы,2026-03-25,Мәні,NA,181,20.2,0,NA 565,level
50.4874,82.4147,11203,lightblue,Оба өзені – Верхоба ауылы (Қарақожа),2026-03-25,Мәні,450,188,,0.2,539,level
50.613,81.8762,11207,lightblue,Оба өзені – Шемонаиха ауылы,2026-03-25,Мәні,430,169,43.3,0.2,539 566,level
50.50781,81.70256,11208,lightblue,Оба ө. – Красный Яр а.,2026-03-25,Мәні,NA,188,NA,NA,NA 564,level
49.6994,81.5063,11213,lightblue,Қызылсу өзені – Шалабай ауылы,2026-03-25,Мәні,NA,167,0.69,0.6,600,level
49.5849,81.0673,11218,lightblue,Шар өзені – Шар қ.,2026-03-25,Мәні,NA,262,NA,0,NA 565,level
50.3807,82.7282,11220,lightblue,Кіші Оба өзені – Быструха ауылы,2026-03-25,Мәні,NA,438,NA,0,539 540,level
50.1463,81.853,11221,lightblue,Жартас өзені – Гагарино ауылы,2026-03-25,Мәні,NA,140,0.48,0,NA 563,level
49.1633,81.9697,11233,lightblue,Шар өзені – Кеңтарлау ауылы,2026-03-25,Мәні,490,285,5.2,0.2,600,level
51.7242,72.3037,11242,lightblue,Сілеті өзені – Новомарковка ауылы,2026-03-25,Мәні,1250,NA,NA,NA,575,level
52.0006,72.6833,11253,lightblue,Сілеті өзені – Селетин су қоймасынан жоғары (Бестоғай),2026-03-25,Мәні,1500,818,NA,NA,565 665,level
51.9569,69.9765,11262,lightblue,Боксук өзені – Журавлевка ауылы,2026-03-25,Мәні,690,282,NA,NA,565 665,level
53.53417,71.55833,11264,lightblue,Шат ө. – Ленинградское а.,2026-03-25,Мәні,NA,485,NA,NA,565,level
51.5363,71.9311,11272,lightblue,Сілеті өзені – Приречное ауылы,2026-03-25,Мәні,500,149,NA,NA,565 665,level
52.43167,66.74472,11274,lightblue,Есіл ө. – Шоптыкөл а.,2026-03-25,Мәні,NA,292,NA,NA,565,level
52.4939,73.2855,11275,lightblue,Сілеті өзені – Изобильное ауылы,2026-03-25,Мәні,800,342,30.2,0.3,538 542,level
53.9847,68.2305,11282,lightblue,Қамысақты өзені – Ясновка ауылы,2026-03-25,Мәні,740,498,NA,NA,565 665,level
53.0995,69.0123,11291,lightblue,Шағалалы өзені – Павловка ауылы,2026-03-25,Мәні,300,109,0.045,0.2,538 542,level
53.6927,69.623,11293,lightblue,Шағалалы өзені – Северное ауылы,2026-03-25,Мәні,400,166,NA,NA,565 538,level
50.6197,73.0279,11395,lightblue,Есіл өзені – Приишимское ауылы,2026-03-25,Мәні,385,148,0.109,NA,565,level
50.7534,72.3393,11397,lightblue,Есіл өзені – Түрген ауылы,2026-03-25,Мәні,650,156,0.23,NA,565,level
51.1577,71.4146,11398,lightblue,Есіл өзені – Астана қ.,2026-03-25,Мәні,750,662,,NA,565,level
52.0204,66.2673,11404,lightblue,Есіл өзені – Каменный карьер ауылы,2026-03-25,Мәні,970,168,4.76,NA,565,level
52.9626,66.6271,11405,lightblue,Есіл өзені – Тоқсан би ауылы,2026-03-25,Мәні,1800,281,16.5,NA,564,level
53.8724,67.4301,11407,lightblue,Сергеевск су қоймасы (Есіл өзені) – Сергеевка ауылы,2026-03-25,Мәні,NA,773,,0,565,level
53.8786,67.4318,11408,lightblue,Есіл өзені – Сергеевка қ.,2026-03-25,Мәні,1250,219,,0,563,level
54.2919,68.3357,11409,lightblue,Есіл өзені – Покровка ауылы (Явленка ауылы),2026-03-25,Мәні,1300,152,13.8,NA,565,level
54.9142,69.125,11410,lightblue,Есіл өзені – Петропавловск қ.,2026-03-25,Мәні,960,255,15.7,NA,563,level
51.0988,71.4913,11411,lightblue,Есіл өзені – Тельман ауылы,2026-03-25,Мәні,790,622,,NA,565 678,level
51.1737,71.343,11413,lightblue,Есіл өзені – Көктал ауылы,2026-03-25,Мәні,665,211,,0,546,level
51.3075,70.7334,11414,lightblue,Есіл өзені – Новоишимка ауылы,2026-03-25,Мәні,800,495,7.31,NA,565,level
50.8428,72.1835,11415,lightblue,Есіл өзені – Аршалы ауылы,2026-03-25,Мәні,470,178,0.98,0.2,564,level
53.4299,67.0627,11416,lightblue,Есіл өзені – Крещенка ауылы,2026-03-25,Мәні,1900,773,,NA,565 537,level
51.0896,72.4422,11421,lightblue,Мойылды өзені – Николаевка ауылы,2026-03-25,Мәні,550,148,0.299,NA,565,level
51.7865,69.4628,11424,lightblue,Қалқұтан өзені – Қалқұтан ауылы,2026-03-25,Мәні,670,257,1.2,0.1,564,level
51.6591,70.694,11425,lightblue,Қалқұтан өзені – Новокубанка ауылы,2026-03-25,Мәні,1350,530,NA,NA,565 665,level
51.2622,67.2075,11426,lightblue,Терісаққан өзені – Терісаққан ауылы,2026-03-25,Мәні,885,677,,NA,565,level
53.2904,67.0672,11430,lightblue,Мұққыр өзені – Мұқыр ауылы,2026-03-25,Мәні,1040,156,NA,NA,565 665,level
52.5372,68.7893,11432,lightblue,Жабай өзені – Балкашино ауылы,2026-03-25,Мәні,520,-43,NA,NA,565 665,level
51.7982,68.3685,11433,lightblue,Жабай өзені – Атбасар қ.,2026-03-25,Мәні,820,132,NA,0,564 665,level
52.7428,67.6603,11453,lightblue,Бабық-Бұрлық өзені – Гусаковка ауылы (Рухловка ауылы),2026-03-25,Мәні,1220,386,0.37,0,564,level
53.6583,67.4128,11461,lightblue,Иманбұрлық өзені – Соколовка ауылы,2026-03-25,Мәні,NA,76,0.17,0,565,level
52.5786,67.6824,11468,lightblue,Аққанбұрлық өзені – Ковыльное ауылы (Привольное ауылы),2026-03-25,Мәні,1520,195,NA,0,565 665,level
52.7918,66.7581,11469,lightblue,Аққанбұрлық өзені – Григорьевка ауылы (Возвышенка ауылы),2026-03-25,Мәні,NA,156,1.64,0,565,level
51.0923,66.3185,11471,lightblue,Есіл өзені – Державинск қ.,2026-03-25,Мәні,1120,221,4.84,NA,565,level
52.1017,68.3128,11472,lightblue,Жыланды өзені – Шуйское ауылы,2026-03-25,Мәні,1260,576,,NA,565,level
53.0046,67.3719,11473,lightblue,Шарық өзені – Андреевка ауылы,2026-03-25,Мәні,980,289,NA,NA,565 665,level
52.8157,66.9322,11474,lightblue,Шарық өзені – Рузаевка ауылы,2026-03-25,Мәні,780,156,0.22,NA,564,level
51.585,67.59833,11476,lightblue,Есіл ө. – Жаңа Қима а.,2026-03-25,Мәні,NA,499,NA,NA,NA,level
53.57333,67.59444,11477,lightblue,Сарыөзек ө. – Сухорабовка а.,2026-03-25,Мәні,NA,NA,NA,NA,575,level
52.4742,65.3672,11479,lightblue,Қарасу өзені – Люблинка ауылы,2026-03-25,Мәні,1000,598,NA,NA,665,level
52.0841,69.6243,11485,lightblue,Аршалы өзені – Буденовка ауылы,2026-03-25,Мәні,1250,475,,NA,565,level
52.3925,65.7941,11486,lightblue,Тімтуір өзені – Кошевое ауылы,2026-03-25,Мәні,913,487,,NA,665,level
52.28444,70.09066,11491,lightblue,Жолболды ө. – Иванковка а.,2026-03-25,Мәні,NA,371,NA,NA,NA,level
52.4012,70.21974,11492,lightblue,Қайрақты ө. – Вознесенка а.,2026-03-25,Мәні,NA,NA,NA,NA,575,level
52.05237,69.61144,11600,lightblue,Қоңыр ө. – Новобратское а.,2026-03-25,Мәні,NA,687,NA,NA,NA,level
53.51026,69.52898,11611,lightblue,р. Шагалалы-  с. Алексеевка,2026-03-25,Мәні,NA,668,NA,NA,NA,level
50.99868,68.16822,11612,lightblue,Шортанбай ө. – Сочинское а.,2026-03-25,Мәні,NA,938,NA,NA,NA,level
51.28125,66.05361,11613,lightblue,Коко  ө. – Костычево а.,2026-03-25,Мәні,NA,469,NA,NA,NA,level
51.99573,66.57433,11614,lightblue,Қызылсу ө. – Свободное а.,2026-03-25,Мәні,NA,233,NA,NA,NA,level
52.55125,67.24642,11615,lightblue,Ақанбұрлық ө. – Чистополье а.,2026-03-25,Мәні,NA,376,NA,NA,565,level
52.58317,66.49967,11616,lightblue,Есіл ө. – Дружба а.,2026-03-25,Мәні,NA,331,NA,NA,565 537,level
55.00739,69.10433,11617,lightblue,Есіл ө. – Ольшанка а.,2026-03-25,Мәні,NA,363,NA,NA,565,level
54.78853,69.00158,11618,lightblue,Есіл ө. – Сосновый бор (Вороний аралы),2026-03-25,Мәні,NA,531,NA,NA,565 537,level
54.69847,68.98311,11619,lightblue,Есіл ө. – Новокаменка а.,2026-03-25,Мәні,NA,1199,NA,NA,565,level
51.73574,68.65144,11620,lightblue,Есіл ө. – Поповка а.,2026-03-25,Мәні,NA,423,NA,NA,NA,level
51.0229,71.9738,11644,lightblue,Есіл өзені – Волгодоновка ауылы,2026-03-25,Мәні,685,102,0.07,0,564,level
54.5245,68.7187,11645,lightblue,Есіл өзені – Новоникольское ауылы,2026-03-25,Мәні,1549,579,,NA,565,level
55.3169,69.4451,11646,lightblue,Есіл өзені - Долматово ауылы,2026-03-25,Мәні,1450,498,11.5,NA,565,level
50.69333,72.70861,11649,lightblue,Есіл ө. – Есіл к. (Литвинское),2026-03-25,Мәні,510,105,NA,NA,565,level
49.8352,82.6463,11661,lightblue,Абылайкит өзені – Самсоновка ауылы,2026-03-25,Мәні,420,263,5.6,0.2,546,level
53.2631,75.608,11663,lightblue,Ертіс өзені – Жаңабет ауылы,2026-03-25,Мәні,1282,297,666,NA,565,level
52.3295,76.8832,11667,lightblue,"Ертіс өзені – Павлодар қ., автомост",2026-03-25,Мәні,1084,210,626,NA,563,level
49.9785,82.4231,11668,lightblue,Ұлан өзені – Герасимовка ауылы,2026-03-25,Мәні,480,375,2.77,0.2,NA 537,level
53.10389,69.85861,11670,lightblue,Қылшақты ө. – Кенесары а.,2026-03-25,Мәні,NA,295,NA,NA,NA,level
53.24667,69.6325,11671,lightblue,Қылшақты ө.  – Ивановка а.,2026-03-25,Мәні,NA,185,NA,NA,NA,level
48.7912,86.0238,11901,lightblue,Марқакөл көлі – Уранқай ауылы,2026-03-25,Мәні,NA,150,,0,NA 565,level
47.7421,84.1999,11902,lightblue,Бұқтырма су қоймасы – Тұғыл ауылы (Зайсан-Нор көлі),2026-03-25,Мәні,NA,522,,0,566 547,level
48.2216,83.6865,11903,lightblue,Бұқтырма су қоймасы – Ақсуат ауылы (Зайсан-Нор көлі),2026-03-25,Мәні,NA,523,,0,NA 565,level
54.9128,69.1253,11904,lightblue,Петропавл су қоймасы (Есіл өзені) – Петропавловск қ.,2026-03-25,Мәні,NA,695,,NA,565,level
48.6756,83.4897,11905,lightblue,Бұқтырма су қоймасы – Құйған ауылы,2026-03-25,Мәні,NA,523,,0,565,level
49.2013,84.3444,11907,lightblue,Бұқтырма су қоймасы – Хайрузовка ауылы,2026-03-25,Мәні,NA,527,,0,NA 565,level
52.9171,69.1446,11908,lightblue,Зеренді көлі – Зеренді ауылы,2026-03-25,Мәні,NA,719,,0,564,level
53.0094,70.196,11909,lightblue,Шортан көлі – Щучинск қ.,2026-03-25,Мәні,NA,963,,NA,565 537,level
49.6713,83.8308,11910,lightblue,Бұқтырма су қоймасы – Заводинка ауылы,2026-03-25,Мәні,NA,518,,NA,NA 565,level
49.6122,83.5024,11911,lightblue,Бұқтырма су қоймасы – Селезневка ауылы,2026-03-25,Мәні,NA,524,,0,565 705,level
52.1484,72.7424,11915,lightblue,Селетинское су қоймасы – жоғарғы бьеф (Сілеті ауылы),2026-03-25,Мәні,NA,276,,NA,565 691,level
54.0003,68.4028,11916,orange,Ү. Тарангүл көлі - Корнеевка а.,2026-03-25,Мәні,365,332,,NA,565,level
53.0849,70.2998,11917,lightblue,Бурабай көлі – Боровое ауылы,2026-03-25,Мәні,NA,866,,NA,565,level
53.1279,70.2772,11918,lightblue,Үлкен Шабақты көлі – Боровое ауылы,2026-03-25,Мәні,NA,931,,NA,565,level
53.3004,69.3803,11919,lightblue,Копа көлі – Көкшетау қ.,2026-03-25,Мәні,NA,408,,NA,565 537,level
50.7821,75.7001,11935,lightblue,Сабындыкөл көлі – Баянауыл п.,2026-03-25,Мәні,NA,331,,NA,565,level
53.3289,65.5654,11961,lightblue,Сарыкөл көлі – Ермаковка ауылы,2026-03-25,Мәні,NA,885,,NA,665,level
54.0358,65.3441,11964,lightblue,Балықты көлі – Ұзынкөл ауылы,2026-03-25,Мәні,NA,786,,NA,565,level
51.005,72.254,11966,lightblue,Астана су қоймасы – Михайловка ауылы,2026-03-25,Мәні,NA,794,,NA,565,level
50.9917,72.1178,11974,lightblue,Астана су қоймасы – Арнасай ауылы,2026-03-25,Мәні,NA,404,,NA,565,level
51.4393,61.3439,12001,lightblue,Тобыл өзені - Аққарға ауылы,2026-03-25,Мәні,400,168,,NA,565 537,level
52.3903,61.7025,12002,lightblue,Тобыл өзені – Гришенка ауылы,2026-03-25,Мәні,650,165,0.858,NA,565,level
51.9242,61.5313,12004,lightblue,Тобыл өзені – Приречное ауылы,2026-03-25,Мәні,980,624,,NA,665,level
53.2084,63.6496,12008,lightblue,Тобыл өзені – Қостанай қ.,2026-03-25,Мәні,600,328,5.2,NA,565,level
53.8099,63.7891,12015,lightblue,Тобыл өзені – Молодежное ауылы,2026-03-25,Мәні,1035,67,NA,NA,565,level
54.0031,63.7895,12016,lightblue,Тобыл өзені – Введенка ауылы,2026-03-25,Мәні,1025,475,,NA,565,level
52.63444,62.71194,12017,lightblue,Тобыл ө. – Новоильиновка а.,2026-03-25,Мәні,NA,NA,NA,NA,NA,level
52.1694,61.1927,12024,lightblue,Шортанды өзені – Жітіқара қ.,2026-03-25,Мәні,1015,837,,NA,665,level
53.5892,61.6797,12025,lightblue,Тоғызақ өзені - Михайловка ауылы,2026-03-25,Мәні,1000,64,NA,NA,564,level
52.3779,61.1074,12029,lightblue,Желқуар өзені - Чайковское ауылы,2026-03-25,Мәні,550,293,0.55,NA,565,level
52.9666,62.1859,12032,lightblue,Аят өзені - Варваринка ауылы,2026-03-25,Мәні,600,137,1.5,NA,564 565,level
53.8002,62.1854,12072,lightblue,Тоғызақ өзені - Тоғызақ станциясы,2026-03-25,Мәні,750,201,2.03,NA,565 564,level
53.9175,64.7593,12075,lightblue,Убаган өзені - Ақсуат ауылы,2026-03-25,Мәні,800,285,NA,0,565,level
52.7841,65.1662,12088,lightblue,Құндызды өзені – Новоселевка ауылы,2026-03-25,Мәні,900,572,,0,565,level
52.9159,61.5457,12564,lightblue,Камысты-Аят өзені - Свердловка ауылы,2026-03-25,Мәні,505,56,0.4,NA,565,level
54.2006,63.4688,12701,lightblue,Ұй өзені - Ұй ауылы,2026-03-25,Мәні,800,312,4.64,NA,542 537,level
49.3548,63.0886,13002,lightblue,Торғай өзені – Түсім Құмдары,2026-03-25,Мәні,1658,714,NA,NA,565 537,level
50.1073,65.3162,13005,lightblue,Қараторғай өзені – Үрпек ауылы (Ақөткел),2026-03-25,Мәні,960,581,NA,NA,565,level
50.4308,65.6407,13006,lightblue,Жалдама өзені – Амантоғай ауылы,2026-03-25,Мәні,1018,565,,0,665,level
49.8466,64.2906,13029,lightblue,Қабырға өзені – Қалқамыш ауылы,2026-03-25,Мәні,1020,721,,NA,565,level
50.4793,64.2648,13031,lightblue,Сарыөзен өзені – Саға ауылы,2026-03-25,Мәні,1300,779,NA,NA,565,level
49.9394,60.1294,13035,lightblue,Ырғыз өзені – Қарабұтақ ауылы,2026-03-25,Мәні,600,179,,0,537,level
48.7145,60.2965,13038,lightblue,Ырғыз өзені – Шеңбертал ауылы,2026-03-25,Мәні,1050,556,NA,0,537 545,level
48.3854,67.8485,13048,lightblue,Қаракеңгір өзені – Малшыбай ауылы,2026-03-25,Мәні,490,244,NA,NA,565,level
48.8703,68.0532,13052,lightblue,Сарыкеңгір өзені – Алғабас ауылы (Бетбұлақ),2026-03-25,Мәні,350,137,NA,NA,537 538,level
48.0584,67.0602,13053,lightblue,Жезді өзені – Жезді ауылы,2026-03-25,Мәні,240,92,2.54,NA,513,level
49.1875,75.2138,13056,lightblue,Жарлы өзені – Жарлы ауылы (Нұркен),2026-03-25,Мәні,298,115,0.19,NA,565,level
49.3427,74.4689,13061,lightblue,Нұра өзені – Бес-Оба ауылы,2026-03-25,Мәні,470,267,2.19,0,538,level
49.9692,74.0529,13064,lightblue,Нұра өзені – Шешенқара ауылы,2026-03-25,Мәні,626,401,2.31,0.4,563 563,level
50.0827,73.5078,13065,lightblue,Нұра өзені – Петровка ауылы,2026-03-25,Мәні,711,236,24.2,NA,542,level
50.083,73.2315,13066,lightblue,Нұра өзені – Балықты т.ж.в. (Сергиопольское ауылы),2026-03-25,Мәні,700,213,3.33,NA,563,level
50.05667,73.91222,13071,lightblue,Шиілі ө. – Шайлы а. (Шиілі),2026-03-25,Мәні,416,169,NA,NA,537,level
50.1075,73.15528,13073,lightblue,Нұра ө. – Ғабиден Мұстафин к. (Тоқаревка),2026-03-25,Мәні,313,72,NA,NA,565,level
49.21806,73.39222,13075,lightblue,Қызылқой ө. – Қызылқой к.,2026-03-25,Мәні,256,72,NA,NA,537,level
50.8288,71.3352,13076,lightblue,Нұра өзені – Қошқарбаева ауылы,2026-03-25,Мәні,800,147,3.04,NA,565,level
50.5936,70.0068,13077,lightblue,Нұра өзені – Қорғалжын ауылы,2026-03-25,Мәні,900,419,2.03,NA,565,level
50.9567,70.8666,13078,lightblue,Нұра өзені – Бірлік ауылы,2026-03-25,Мәні,1220,741,NA,NA,565 665,level
49.21667,66.66167,13079,lightblue,Қараторғай ө. – Қорғасын а.,2026-03-25,Мәні,490,160,NA,NA,537,level
49.94447,72.53364,13081,lightblue,Нұра ө. – Жаңаталап а. (Молодецкое),2026-03-25,Мәні,NA,203,NA,NA,537,level
50.14873,72.77191,13082,lightblue,Ошағанды ө. – Андренниково а.,2026-03-25,Мәні,NA,NA,NA,NA,575,level
49.9376,73.2721,13084,lightblue,Көкпекті өзені – Көкпекті ауылы,2026-03-25,Мәні,350,47,NA,NA,537,level
48.7687,73.6898,13085,lightblue,Шерубай-Нұра өзені – Ақсу Аюлы ауылы,2026-03-25,Мәні,310,75,NA,NA,565,level
49.7006,74.6701,13087,lightblue,Матақ өзені – Матақ ауылы,2026-03-25,Мәні,435,234,NA,NA,537 547,level
49.114,73.4688,13090,lightblue,Шерубай-Нұра өзені – Шопан ауылы,2026-03-25,Мәні,450,150,0.363,0.2,513,level
49.2446,71.9748,13091,lightblue,Шерубай-Нұра өзені – Қарамұрын өткелі,2026-03-25,Мәні,420,110,1.3,0,513,level
49.0994,75.8625,13105,lightblue,Талды өзені – Новостройка ауылы,2026-03-25,Мәні,555,NA,NA,NA,575,level
48.5525,70.436,13115,lightblue,Сарысу өзені – 189 км өткелі,2026-03-25,Мәні,390,230,34.8,0.2,538,level
48.3059,69.6304,13116,lightblue,Сарысу өзені – Қызылжар т.ж.в.,2026-03-25,Мәні,460,129,0.735,0.2,540,level
48.6684,71.6405,13128,lightblue,Жаман Сарысу өзені – Атасу ауылы,2026-03-25,Мәні,350,164,NA,NA,565 565,level
49.6993,73.3008,13142,lightblue,Соқыр өзені – Қаражар ауылы,2026-03-25,Мәні,370,270,4.73,NA,537,level
50.2554,71.5658,13148,lightblue,Үлкен Құндызды өзені – Киевка ауылы,2026-03-25,Мәні,450,NA,NA,0,575,level
49.7033,73.3187,13150,lightblue,Соқыр өзені – Құрылыс ауылы,2026-03-25,Мәні,400,105,0.03,NA,537,level
48.91,73.3324,13152,lightblue,Қарамыс өзені – Қарамыс ауылы,2026-03-25,Мәні,300,NA,NA,NA,575,level
49.4212,72.9103,13153,lightblue,Топар өзені – Құлайғыр ауылы,2026-03-25,Мәні,414,123,5.02,NA,565 665,level
49.06535,73.54649,13154,lightblue,Талды ө. – Қошқарбай а.,2026-03-25,Мәні,NA,NA,NA,NA,575,level
48.15972,67.51444,13170,lightblue,Жыланды ө. – Сәтпаев а. (бұрынғы Северный),2026-03-25,Мәні,409,116,NA,NA,600,level
48.95417,62.00917,13172,lightblue,Өлкейек ө. – Дүкен а.,2026-03-25,Мәні,850,52,NA,NA,539 545,level
50.78194,65.06972,13173,lightblue,Сарыөзен ө. – Степняк а.,2026-03-25,Мәні,NA,104,NA,NA,565,level
48.24694,62.0675,13181,lightblue,Торғай ө. – Құйылыс а.,2026-03-25,Мәні,750,198,NA,NA,546,level
49.7454,71.7158,13190,lightblue,Нұра өзені – Ақмешіт ауылы (Захаровка),2026-03-25,Мәні,960,542,4.26,NA,565,level
48.62667,61.26139,13196,lightblue,Ырғыз ө.  – Ырғыз а.,2026-03-25,Мәні,1515,556,NA,NA,537 545,level
49.6734,69.5488,13198,lightblue,Жаманкөң өзені – Баршино ауылы,2026-03-25,Мәні,570,232,NA,0,565 665,level
51.2035,65.0328,13201,lightblue,Дәмді өзені – Дәмді ауылы,2026-03-25,Мәні,510,NA,NA,NA,660,level
49.5348,66.1266,13221,lightblue,Сарытоғай өзені – Екідін  ауылы(СарыТорғай ауылы),2026-03-25,Мәні,1080,622,NA,NA,537 545,level
48.95389,62.40056,13228,lightblue,Торғай ө. – Мамыр а.,2026-03-25,Мәні,900,440,NA,NA,539 545,level
48.78056,62.28389,13229,lightblue,Торғай ө. – Белшер а.,2026-03-25,Мәні,900,374,NA,NA,537 545,level
48.04194,62.51639,13230,lightblue,Торғай ө. – Жайсанбай а.,2026-03-25,Мәні,750,229,NA,NA,537 545,level
50.14306,60.17639,13231,lightblue,Ырғыз ө. – Аралтөбе а.,2026-03-25,Мәні,NA,537,NA,NA,537 545,level
47.829,59.6035,13902,lightblue,Шалқар көлі – Шалқар қ.,2026-03-25,Мәні,1000,820,,1.6,545,level
43.758,80.2308,14002,lightblue,Іле өзені - Добын саласы,2026-03-25,Мәні,490,254,357,10,600,level
43.8373,78.8288,14004,lightblue,Іле өз.– Капшағай СЭС 164 км жоғары,2026-03-25,Мәні,500,344,316,9,600,level
43.7941,80.5,14005,lightblue,"Іле өзені - шекарадан 8,5 км төмен (Онопко)",2026-03-25,Мәні,1289,NA,NA,NA,NA,level
44.1321,76.9855,14011,lightgray,Іле өзені – Қапшағай шатқалы,2026-03-25,Мәні,501,NA,NA,NA,NA,level
44.9561,75.8038,14014,lightblue,Іле өзені – Үшжарма ауылы,2026-03-25,Мәні,376,56,,8,600,level
45.0704,75.41,14016,lightblue,Іле ө. –Жиделі жеңінің тармағынан 1 км төмен,2026-03-25,Мәні,328,47,0.08,6,600,level
45.4312,74.3309,14017,lightblue,Іле өзені – Жиделі  ауылы,2026-03-25,Мәні,286,54,0.298,9.4,600,level
42.8417,80.0524,14022,lightblue,Текес өзені - Текес ауылы,2026-03-25,Мәні,230,132,7.73,3.2,600,level
42.6688,80.1748,14032,lightblue,Нарынқол өзені - Нарынқол ауылы,2026-03-25,Мәні,240,167,,0,546,level
42.5997,79.9969,14033,lightblue,Баянқол өзені - Баянқол ауылы,2026-03-25,Мәні,190,71,2.73,0,546,level
44.4422,80.3645,14043,lightblue,Қорғас өзені - Басқұншы ауылынан 11 км жоғары,2026-03-25,Мәні,NA,276,,4,600,level
44.4723,79.8313,14072,lightblue,"Өсек өзені – Кіші Өсек өзені құяр жерінен 1,7 км жоғары",2026-03-25,Мәні,400,136,6.31,1,600,level
44.4597,79.8199,14078,lightblue,"Кіші Өсек өзені – сағасынан 0,2 км жоғары",2026-03-25,Мәні,340,94,2.39,3.8,600,level
44.3179,79.8105,14088,lightblue,Борохудзир өзені – Көктал-Арасан ауылы,2026-03-25,Мәні,244,74,2.29,0.3,600,level
43.4995,79.2126,14118,lightblue,Шарын өзені – Сарытоғай шатқалы,2026-03-25,Мәні,250,96,17.3,5,600,level
42.759,79.1736,14136,lightblue,Қарқара өзені - таулардан шығатын жерінде,2026-03-25,Мәні,256,85,3.41,0,563,level
43.2986,79.1962,14142,lightblue,Темірлік өзені – Темірлік ауылы,2026-03-25,Мәні,260,179,1.26,2,600,level
43.3064,78.5157,14159,lightblue,Шілік өзені – Бартоғай су қоймасынан жоғары,2026-03-25,Мәні,435,303,11.3,4,600,level
43.4361,78.4059,14160,lightblue,Шілік өзені – Малыбай ауылы,2026-03-25,Мәні,186,32,0.197,5,600,level
43.3367,77.6161,14187,lightblue,Түрген өзені – Таутүрген ауылы,2026-03-25,Мәні,180,70,0.36,4,600,level
43.2973,77.4988,14198,lightblue,Есік өзені – Есік қ.,2026-03-25,Мәні,300,NA,NA,NA,660,level
43.2531,77.2163,14200,lightblue,Талғар өзені – Талғар қ.,2026-03-25,Мәні,260,137,,3.2,600,level
43.1349,76.6126,14218,lightblue,Қаскелең өзені – Қаскелең қ.,2026-03-25,Мәні,340,272,1.4,4,600,level
43.7219,77.0717,14223,lightblue,Қаскелең өзені – сағасы,2026-03-25,Мәні,220,133,7.44,9.4,600,level
43.057,76.9866,14239,lightblue,"Үлкен Алматы өзені – Үлкен Алматы көліне 1,1 км жоғары",2026-03-25,Мәні,338,287,0.18,1,600,level
43.1078,76.9187,14242,lightblue,Үлкен Алматы өзені – Проходной өзені сағасынан 2 км жоғары,2026-03-25,Мәні,400,225,0.538,5,600,level
43.0806,76.9925,14250,lightblue,Күмбел өзені – сағасы,2026-03-25,Мәні,125,84,0.89,0,513 524,level
43.1115,76.9112,14252,lightblue,Проходная өзені – сағасы,2026-03-25,Мәні,310,264,0.883,3.2,600,level
43.1244,76.9189,14253,lightblue,Тересбұтақ ағыны– сағасы,2026-03-25,Мәні,250,207,1.23,1,546,level
43.0861,77.0783,14254,lightblue,Кіші Алматы өзені – МС Мыңжылқы,2026-03-25,Мәні,300,NA,NA,NA,660,level
43.1108,77.0756,14255,lightblue,Кіші Алматы өзені – Тұйықсу альпбаза,2026-03-25,Мәні,615,513,0.28,1,546,level
43.1399,77.0684,14257,lightblue,Кіші Алматы өзені – Сарысай өзені сағасынан төмен,2026-03-25,Мәні,310,246,0.746,1.8,600,level
43.1704,77.0394,14260,lightblue,Кіші Алматы өзені – Медеу,2026-03-25,Мәні,138,71,,1.6,600,level
43.1899,76.9933,14262,lightblue,Кіші Алматы өзені – Алматы қ.,2026-03-25,Мәні,248,176,0.918,2,600,level
43.1617,77.0393,14276,lightblue,Батарейка өз. – д/о «Просвещенец»,2026-03-25,Мәні,98,38,0.04,1.8,600,level
43.1793,77.0461,14277,lightblue,Бұтақ өзені – Бұтақ ауылы,2026-03-25,Мәні,290,246,0.22,1,600,level
43.6864,76.3104,14295,lightblue,Күрті өз – Ленин атындағы клх. Базасы (Ленин көпірі),2026-03-25,Мәні,461,226,3.27,8,600,level
43.123,76.433,14324,lightblue,Ұзын Қарғалы өзені – Фабричный ауылы,2026-03-25,Мәні,160,91,2.2,3,600,level
45.0143,75.4619,14329,lightblue,"Іле өзені, Суминка саласы – бастаудан 6 км төмен",2026-03-25,Мәні,548,256,NA,8,664,level
45.1428,75.3664,14332,lightblue,"Іле өзені, Жиделі тармағы – бастаудан 16 км төмен",2026-03-25,Мәні,277,111,228,8,600,level
45.4167,74.2667,14334,lightblue,"Іле өзені, Жиделі тармағы Ир саласы – сағадан 2,5 км жерде",2026-03-25,Мәні,256,158,66.9,1,600,level
47.5148,72.9142,14343,lightblue,Мойынты өзені – Киік т.ж.в.,2026-03-25,Мәні,464,231,NA,NA,665,level
48.3158,74.9985,14349,lightblue,Тоқырауын өзені – Ақтоғай а.,2026-03-25,Мәні,440,NA,NA,NA,575,level
47.8017,81.2622,14368,lightblue,Аягөз өзені – Тарбағатай ауылы,2026-03-25,Мәні,NA,185,4.48,0,NA 546,level
47.9439,80.4503,14369,lightblue,Аягөз өзені – Аягөз ауылы,2026-03-25,Мәні,NA,219,,0.2,513 519,level
45.5168,80.3242,14376,lightblue,Теректі өзені – Шатырбай ауылы,2026-03-25,Мәні,230,156,3.73,2.4,600,level
45.5438,80.5555,14382,lightblue,Лепсі өзені – Лепсі ауылы,2026-03-25,Мәні,420,265,7.11,1.2,546,level
46.2757,78.3298,14386,lightblue,Лепсі өзені – Төлебаев ауылы,2026-03-25,Мәні,560,420,14.9,0.5,NA 505,level
45.3985,80.1234,14390,lightblue,Басқан өзені – Екіаша ауылы,2026-03-25,Мәні,280,196,7.68,2.4,546 546,level
45.8853,78.7132,14397,lightblue,Аксу өзені – Матай т.ж.в.,2026-03-25,Мәні,350,-51,2.49,4,600,level
45.3702,79.9295,14401,lightblue,Сарықан өзені – Сарқанд қ.,2026-03-25,Мәні,350,248,2.62,3.1,600,level
45.28278,78.8251,14406,lightblue,Қызылағаш ө. – Қопалы а.,2026-03-25,Мәні,NA,89,NA,NA,NA,level
44.9325,78.45306,14412,lightblue,Қаратал ө. – Қарабұлақ а.,2026-03-25,Мәні,NA,174,NA,NA,NA,level
45.9958,77.1996,14413,lightblue,Қаратал өзені – Ақжар ауылы,2026-03-25,Мәні,750,396,87.3,0.6,600,level
45.221,77.9668,14414,lightblue,Қаратал өзені – Үштөбе қ.,2026-03-25,Мәні,350,20,51,55,600,level
45.01083,78.03611,14417,lightblue,Қаратал ө. – Тастөбе а.,2026-03-25,Мәні,NA,365,NA,NA,NA,level
44.8613,78.7727,14419,lightblue,Қараой өзені – Текелі қ.,2026-03-25,Мәні,410,242,4.28,4,546,level
44.8599,78.7937,14421,lightblue,Шыжын өзені – Текелі қ.,2026-03-25,Мәні,410,252,6.33,2.8,546,level
44.8576,78.7935,14426,lightblue,Текелі өзені – Текелі қ.,2026-03-25,Мәні,240,107,1.58,2,600,level
44.673,78.9286,14446,lightblue,Көксу өзені – Көксу ауылы,2026-03-25,Мәні,400,273,23.4,4.2,600,level
44.8269,78.3095,14448,lightblue,Көксу өзені – Мамбет ауылы,2026-03-25,Мәні,339,169,,0.2,600,level
44.5948,79.1673,14452,lightblue,Көктал өзені – Аралтөбе ауылы,2026-03-25,Мәні,440,212,3.46,0.4,NA 515,level
44.4358,78.3587,14476,lightblue,Быжы өзені – Қарымсақ ауылы,2026-03-25,Мәні,236,110,3.03,0.4,600,level
44.6341,77.9923,14489,lightblue,Дос өзені – Айнабұлақ ауылы,2026-03-25,Мәні,400,120,1.31,2,600,level
47.2367,81.5708,14506,lightblue,Үржар өзені – Қазымбет ауылы,2026-03-25,Мәні,NA,78,0.57,0.5,NA 515,level
46.3717,82.2375,14559,lightblue,Емель өзені - Қызылту ауылы (автожол көпірі),2026-03-25,Мәні,NA,141,10.1,0.4,600,level
45.7848,80.8781,14560,lightblue,Тентек өзені – Сапақ ауылы,2026-03-25,Мәні,400,246,9.79,NA,NA 515,level
45.9842,80.9684,14561,lightblue,Тентек өзені – Төңкеріс ауылы,2026-03-25,Мәні,400,147,20.8,3.2,600,level
45.7892,80.6383,14566,lightblue,Шынжалы өзені – Ақжар ауылы,2026-03-25,Мәні,240,28,NA,2,600,level
46.9234,82.8508,14567,lightblue,Ақшоқы өзені - Ақшоқы ауылы,2026-03-25,Мәні,NA,353,2.53,0,NA 546,level
45.0597,78.361,14580,lightblue,Көктал өзені – Плодоконсервный қ.ш.,2026-03-25,Мәні,226,99,4.34,4.6,600,level
45.4139,73.6847,14902,lightblue,Балқаш көлі – Мыңарал ауылы,2026-03-25,Мәні,404,175,,5,563,level
46.1222,73.6236,14903,lightblue,Балқаш көлі – Сарышаған бекеті,2026-03-25,Мәні,NA,179,,NA,545 540,level
46.8297,74.974,14904,lightblue,Балқаш көлі – Балхаш қ.,2026-03-25,Мәні,NA,195,,NA,545,level
46.5408,77.1605,14912,lightblue,Балқаш көлі – Қарақұм ауылы (Алғазы о.),2026-03-25,Мәні,NA,206,,NA,669 565,level
43.0564,76.9856,14914,lightblue,Үлкен Алматы көлі – көлдің солтүстік жағалауында,2026-03-25,Мәні,1050,474,,NA,565,level
46.3514,81.2889,14916,lightblue,Ұялы көлі – Алакөл ауылы (Қошқаркөл көлі),2026-03-25,Мәні,NA,58,,NA,NA 565,level
45.9548,81.5663,14917,lightblue,Алакөл көлі – Ақши ауылы,2026-03-25,Мәні,NA,1379,,NA,NA 566,level
46.6922,80.77,14919,lightblue,Сасыккөл көлі – Сағат ауылы,2026-03-25,Мәні,NA,350,,NA,670 541,level
45.5906,82.1717,14920,lightblue,Жалаңашкөл көлі – Жалаңашкөл бекеті,2026-03-25,Мәні,NA,153,,0.2,661,level
43.8867,77.1103,14921,lightblue,Қапшағай су қоймасы – Қапшағай қ.,2026-03-25,Мәні,1150,1052,,4,600,level
43.8416,77.8515,14922,lightblue,Қапшағай су қоймасы – Қарашоқы МС,2026-03-25,Мәні,1150,1044,,10,600,level
43.471,73.8244,15132,lightblue,Шу өзені – Белбасар ауылы,2026-03-25,Мәні,546,307,88.5,6,NA,level
44.8286,71.1436,15134,lightblue,Шу өзені (Б. Арна) – Ұланбел ауылы,2026-03-25,Мәні,438,266,34,7.2,NA,level
43.1274,73.799,15208,lightblue,Саргоу өзені – (Қырғызстанмен шекарада),2026-03-25,Мәні,705,NA,NA,NA,NA,level
43.1824,74.062,15213,lightblue,Ақсу өзені – Ақсу ауылы,2026-03-25,Мәні,310,135,6.29,8,NA,level
43.2122,74.016,15220,lightblue,Қарабалта өзені – Ақсу ауылы (Балаcағұн ауылы),2026-03-25,Мәні,802,NA,NA,NA,NA,level
43.3825,73.6069,15223,lightblue,Қорағаты өзені – Аспара т.ж.в.,2026-03-25,Мәні,440,40,0.42,7.1,NA,level
42.7653,73.2284,15233,lightblue,Мерке өзені – Ұлбутуй қыстауы,2026-03-25,Мәні,257,45,0.02,5,NA,level
42.7656,73.2292,15235,orange,Кан. ГЭС – Ұлбутуй қыстауы,2026-03-25,Мәні,497,472,1.5,NA,NA,level
44.8594,71.19,15245,lightblue,Шу өзені (М. Арна) – Ұланбел ауылы,2026-03-25,Мәні,426,158,1.37,7,NA,level
43.1276,73.8813,15256,lightblue,Тоқташ өзені – Жаугаш Батыр ауылы,2026-03-25,Мәні,512,286,2.08,3,NA,level
42.8233,71.5352,15264,lightblue,"Талас өзені - Жасөркен ауылы, (Кыргыстан Респ. шекарасы)",2026-03-25,Мәні,345,92,4.42,8.4,NA,level
42.8117,71.5285,15266,lightblue,Талас өзенінің саласы – Жасөркен ауылы,2026-03-25,Мәні,225,93,0.083,NA,NA,level
42.6833,71.2103,15309,lightblue,Ассы өзені - Маймақ теміржол станциясы,2026-03-25,Мәні,500,336,,8,NA,level
42.6722,70.8205,15314,lightblue,Теріс өзені – Нұрлыкент ауылы,2026-03-25,Мәні,438,237,14.3,9.7,600,level
42.6515,70.6688,15324,lightblue,Шоқпақ өзені – Жұрымбай ауылы (Зыковское ауылы),2026-03-25,Мәні,420,229,3.41,8.4,600,level
43.0311,70.8426,15334,lightblue,Асса өзені – Құмсуат ауылы,2026-03-25,Мәні,402,225,3.04,11.2,600 600,level
42.9217,70.6383,15342,lightblue,Берікқара өзені – таулардан шығар жерде,2026-03-25,Мәні,220,114,0.827,9,NA,level
43.1819,70.4339,15347,lightblue,Тамды өзені – Қаратау қ. (Тамды ауылы),2026-03-25,Мәні,410,129,3.71,6.5,NA,level
43.2939,74.1766,15368,lightblue,Шу өзені – Қайнар ауылы,2026-03-25,Мәні,802,320,50,12,600,level
42.8514,71.4675,15396,lightblue,Талас өзені – Солнечный ауылы,2026-03-25,Мәні,405,302,10.3,NA,NA,level
42.4188,70.9254,15416,lightblue,Көксай өзені – таудың шыға берісі,2026-03-25,Мәні,306,105,NA,2.2,NA,level
42.9884,70.6879,15961,lightblue,Билікөл көлі – демалыс аймағы,2026-03-25,Мәні,505,318,,8.5,NA,level
41.2652,67.9546,16031,lightblue,Сырдария өзені – Шардара су қоймасының төменгі бьефі,2026-03-25,Мәні,1180,632,628,9.8,600,level
42.1409,68.1394,16033,lightblue,Сырдария өзені – Байырқұм ауылы,2026-03-25,Мәні,618,470,,13.3,600,level
43.22,67.7965,16035,lightblue,Сырдария өзені – Көктөбе ауылы,2026-03-25,Мәні,704,635,626,11.8,600,level
44.0168,67.0231,16037,lightblue,Сырдария өзені – Төменарық т.ж.в.,2026-03-25,Мәні,874,508,627,11.2,600,level
41.0307,68.5196,16038,lightblue,Сырдария өзені - Шардара су қоймасынан жоғары,2026-03-25,Мәні,1111,869,NA,13,600,level
44.6294,65.9087,16039,lightblue,Сырдария өзені – Керкелмес өткелі,2026-03-25,Мәні,670,348,337,11,600,level
44.9856,65.2608,16042,lightblue,Сырдария өзені – Қараөзек т.ж.в.,2026-03-25,Мәні,655,541,199,10.6,600,level
45.4755,64.0797,16044,lightblue,Сырдария өзені – Жосалы қала типтес кенті,2026-03-25,Мәні,800,402,139,10.4,600,level
45.7411,62.1028,16047,lightblue,Сырдария өзені – Қазалы қ. (Казалинск),2026-03-25,Мәні,750,360,99.1,8.6,600,level
44.9942,65.2637,16052,lightblue,"Сырдария өзені, Қараөзек тармағы – Қараөзек т.ж.в",2026-03-25,Мәні,560,177,40.9,NA,NA,level
45.4766,64.0944,16053,lightblue,"Сырдария өзені, Қараөзек тармағы – Жосалы қала типтес кенті",2026-03-25,Мәні,800,409,58.7,NA,NA,level
42.6595,70.2098,16307,lightblue,Келес өзені – Қазықұрт ауылы,2026-03-25,Мәні,400,225,5.65,8.5,600,level
41.0185,68.6236,16317,lightblue,Келес өзені – сағасы,2026-03-25,Мәні,500,322,52.9,13.2,600,level
42.5535,70.1668,16319,lightblue,Арыс өзені – Жаскешу ауылы,2026-03-25,Мәні,400,295,5.81,9.4,600,level
42.4454,68.8491,16326,lightblue,Арыс өзені – Арыс т.ж.в.,2026-03-25,Мәні,849,391,48.5,14.6,600,level
42.7802,68.3543,16327,lightblue,Арыс өзені – Шәуілдір ауылы,2026-03-25,Мәні,716,451,37.7,7.6,600,level
42.4218,70.5462,16328,lightblue,Жабағлысу өзені – Жабағлысу ауылы,2026-03-25,Мәні,350,235,1.4,5.5,600,level
42.5842,70.1058,16331,lightblue,Балықты өзені – Шарапкент ауылы,2026-03-25,Мәні,251,158,3.17,11.2,600,level
42.4989,69.9624,16340,lightblue,Машат өзені – Кершетас ауылы,2026-03-25,Мәні,382,159,8.02,11,600,level
42.3591,69.9989,16350,lightblue,Ақсу өзені – Сарқырама ауылы,2026-03-25,Мәні,298,90,2.51,7.8,600,level
42.5481,69.6468,16353,lightblue,Ақсу өзені – Көлкент ауылы,2026-03-25,Мәні,430,259,6.93,NA,600,level
42.7612,70.2743,16358,lightblue,Боролдай өзені – Васильевка ауылы,2026-03-25,Мәні,512,NA,NA,NA,NA,level
42.7858,69.68,16363,lightblue,Боралдай өзені – Боралдай ауылы,2026-03-25,Мәні,380,207,29,10.9,600,level
42.338,69.4934,16374,lightblue,Бадам өзені – Қызылжар ауылы,2026-03-25,Мәні,625,229,5.52,13,600,level
42.4917,69.0878,16375,lightblue,Бадам өзені – Қараспан ауылы,2026-03-25,Мәні,431,180,7.82,14.2,600,level
42.2337,70.1527,16390,lightblue,Сайрам өзені – Тасарық ауылы,2026-03-25,Мәні,380,117,3.04,5.2,600,level
42.2557,70.4287,16395,lightblue,Болдыбрек өзені – Мемлекеттік қорықтың шекарасында,2026-03-25,Мәні,600,151,1.75,1,600,level
42.7973,69.2054,16401,lightblue,Бөген өзені – Екпенді ауылы,2026-03-25,Мәні,560,310,11.9,10.9,600,level
43.0483,69.8632,16404,lightblue,Қаттабұғын өзені өзені – Жарықбас ауылы,2026-03-25,Мәні,536,287,7.76,10,600,level
43.1505,69.5635,16411,lightblue,"Шаян өзені – Ақбет өзенінің сағасынан 3,3 км төмен",2026-03-25,Мәні,260,148,6.59,12.2,600,level
41.9213,70.0385,16412,lightblue,Угам өзені - Угам ауылы,2026-03-25,Мәні,356,152,NA,3,600,level
43.2054,69.3761,16414,lightblue,Арыстанды өзені – Алғабас ауылы,2026-03-25,Мәні,320,70,0.62,4.4,600,level
43.5201,68.568,16437,lightblue,Қарашық өзені – Хантағы ауылы,2026-03-25,Мәні,350,208,5.61,8.6,600,level
43.6802,68.0345,16474,lightblue,Ашылган өзені – Майдантал ауылы,2026-03-25,Мәні,350,232,1.52,9,600,level
40.9973,68.6562,16497,lightblue,"Сырдария өзені – Көкбұлақ ауылы, Келес өзенінің сағасынан жоғары",2026-03-25,Мәні,790,638,582,NA,600,level
42.5871,69.3598,16499,lightblue,Шұбарсу өзені – Шұбар ауылы,2026-03-25,Мәні,500,327,0.986,12.4,600,level
42.6594,70.2097,16557,lightblue,Көкбулак өзені – Пістелі ауылы,2026-03-25,Мәні,383,246,4.43,9.5,600,level
40.6408,68.6035,16620,lightblue,Достық каналы – Шұғыла ауылы,2026-03-25,Мәні,NA,563,48.2,10.4,600,level
44.7683,65.5276,16659,lightblue,Сырдария өзені – Тасбөгет қалалық типтегі ауылы,2026-03-25,Мәні,774,318,328,10,600,level
46.0387,61.0387,16676,lightblue,Сырдария өзені – Қаратерен ауылы,2026-03-25,Мәні,600,189,84,5.8,600,level
41.248,67.967,16910,lightblue,Шардара су қоймасы – Шардара қ.,2026-03-25,Мәні,2052,1988,,9.2,600,level
46.1856,61.9005,16918,lightblue,Қамыстыбас өзені - оңтүстік-шығыс жағалауы,2026-03-25,Мәні,NA,NA,,NA,NA,level
49.8875,48.2327,19009,lightblue,Кіші Өзен өзені - Қошанкөл ауылы,2026-03-25,Мәні,1300,395,NA,0,540 565,level
49.6245,48.8731,19010,lightblue,Кіші Өзен өзені – Бостандық ауылы,2026-03-25,Мәні,600,418,NA,0.2,545 665,level
47.0214,51.8153,19012,lightblue,Орал өзені (Жайық саласы) – Еркен-Қала ауылы,2026-03-25,Мәні,718,56,15.8,6.8,600,level
47.1059,54.3683,19013,lightblue,Ембі өзені – Құлсары ауылы (Аққызтоғай ауылы),2026-03-25,Мәні,340,157,8.85,11.4,600,level
47.26,55.57667,19014,lightblue,Ембі ө. – Миялы а.,2026-03-25,Мәні,1800,151,NA,NA,546,level
48.91694,53.79556,19015,lightblue,Ойыл ө.  – Миялы а.,2026-03-25,Мәні,736,213,NA,NA,600,level
50.085,48.8526,19021,lightblue,Үлкен Өзен өзені - Қайынды ауылы,2026-03-25,Мәні,1700,485,NA,NA,540 537,level
49.6582,49.4747,19022,lightblue,Үлкен Өзен өзені – Жалпақтал ауылы,2026-03-25,Мәні,820,601,NA,NA,540 665,level
50.8656,49.6507,19033,lightblue,Чижа 2 өзені – Чижа-2 ауылы,2026-03-25,Мәні,820,614,64,0.2,542,level
50.9417,49.961,19034,lightblue,Чижа 1 өзені – Чижа-1 ауылы,2026-03-25,Мәні,680,389,NA,0,537 665,level
51.1766,51.3795,19071,lightblue,Жайық өз.– Орал қ.,2026-03-25,Мәні,850,137,,0.2,543 564,level
50.8652,51.1421,19072,lightblue,Жайық өз. – Көшім ауылы,2026-03-25,Мәні,850,186,157,NA,564,level
51.4373,52.2473,19073,lightblue,Жайық өзені - Январцево ауылы,2026-03-25,Мәні,1000,246,170,0,539,level
49.0222,51.845,19075,lightblue,Жайық өз. – Тайпақ ауылы,2026-03-25,Мәні,1000,101,102,0.2,516,level
50.25333,53.73944,19076,lightblue,Шиелі ө. – Шалғын а.,2026-03-25,Мәні,380,89,NA,NA,540,level
50.09139,53.19333,19078,lightblue,Бұлдырты ө. – Бұлдырты а.,2026-03-25,Мәні,330,163,NA,NA,539,level
49.33222,54.56306,19079,lightblue,Ойыл ө. – Ақшатау а.,2026-03-25,Мәні,670,285,NA,NA,537 545,level
51.48111,53.27806,19080,lightblue,Жайық ө. – Жарсуат а.,2026-03-25,Мәні,1000,276,NA,NA,539,level
49.8107,57.3479,19081,lightblue,Ілек өз. - Тамды а.,2026-03-25,Мәні,700,188,1.41,0,537 545,level
50.8678,51.1358,19083,lightblue,Көшім тармағы (Көшім кан.) – Көшім ауылы,2026-03-25,Мәні,800,590,13.8,NA,539,level
50.0382,57.3601,19084,lightblue,Ілек өз.– Бестамақ ауылы,2026-03-25,Мәні,700,119,1.04,NA,564 545,level
49.484,58.5197,19130,lightblue,Шиелі өзені – Құмсай ауылы,2026-03-25,Мәні,600,223,NA,0,537 545,level
50.1254,59.0874,19132,lightblue,Ор өзені - Бугетсай ауылы,2026-03-25,Мәні,850,344,0.54,0,565,level
50.0123,57.4294,19134,lightblue,Тамды өзені – Бесқоспа ауылы,2026-03-25,Мәні,600,128,0.18,0,565,level
50.8725,56.7043,19180,lightblue,Орта-Буртя өзені - Дмитриевка ауылы,2026-03-25,Мәні,700,NA,NA,NA,575,level
50.3066,57.2257,19195,lightblue,Ілек өз.– Актөбе қ.,2026-03-25,Мәні,493,116,4.85,NA,539 545,level
50.7963,56.2582,19196,lightblue,Елек өзені - Целинное ауылы,2026-03-25,Мәні,675,192,4.29,NA,565,level
51.4315,51.5282,19198,lightblue,Шаған өзені - Каменный ауылынан төмен,2026-03-25,Мәні,1300,482,1.03,1,546,level
51.1193,54.0777,19201,lightblue,Елек өзені - Чилик ауылы,2026-03-25,Мәні,800,140,,NA,540 537,level
50.3189,57.3087,19205,lightblue,Қарғала өзені – Қарғала ауылы,2026-03-25,Мәні,547,68,4.67,0,546,level
50.7332,57.8873,19208,lightblue,Көс істек өз. –  Көсістек а.,2026-03-25,Мәні,600,193,0.234,0,537,level
50.3651,57.6462,19211,lightblue,Ақтасты өзені – Белогорский ауылы,2026-03-25,Мәні,800,339,1.03,0,546,level
50.1575,55.6876,19218,lightblue,Үлкен Қобда өзені – Қобда ауылы (Новоалексеевка ауылы),2026-03-25,Мәні,750,305,3.73,0.8,537 545,level
50.2318,56.2189,19220,lightblue,Қарахобда өзені – Алпасай ауылы,2026-03-25,Мәні,780,339,2.82,0,546,level
50.4525,54.1294,19229,lightblue,Утва өзені – Лубенка ауылы,2026-03-25,Мәні,540,358,NA,0.4,539 540,level
51.0599,52.9468,19231,lightblue,Утва өзені – Кентүбек ауылы (Григорьевка ауылы),2026-03-25,Мәні,700,329,NA,NA,540 665,level
50.72722,53.46556,19232,lightblue,Шыңғырлау ө. – Ақтау а.,2026-03-25,Мәні,650,286,NA,NA,540,level
51.5783,52.0793,19239,lightblue,Быковка өзені - Чеботарево ауылы,2026-03-25,Мәні,810,622,NA,NA,537 665,level
51.1103,50.3074,19240,lightblue,Деркүл өзені – Тасқала п. (Каменка п.),2026-03-25,Мәні,550,300,NA,NA,537 664,level
51.2718,51.0724,19243,lightblue,Деркул өзені – Белес ауылы (Ростошский ауылы),2026-03-25,Мәні,700,206,NA,NA,540 665,level
50.6611,52.1242,19246,lightblue,Куперанкаты өзені – Алғабас ауылы,2026-03-25,Мәні,945,278,9.52,0,543,level
50.2662,52.5984,19247,lightblue,Өлеңті өзені – Жымпиты ауылы,2026-03-25,Мәні,520,172,NA,1.4,537 665,level
50.5003,52.6499,19249,lightblue,Шидерты өзені – Аралтөбе ауылы (Жамбейтинский свх.),2026-03-25,Мәні,960,250,NA,0.5,537 665,level
51.4173,51.9458,19257,lightblue,Рубежка өзені – Рубежинское ауылы,2026-03-25,Мәні,1000,254,,6,600,level
49.199,55.8754,19261,lightblue,Ойыл өз. - Алтықарасу а.,2026-03-25,Мәні,720,422,0.46,0,546,level
51.26583,51.37861,19268,lightblue,Шаған ө. – Мичурино а.,2026-03-25,Мәні,1100,188,NA,NA,539,level
50.4477,58.0187,19270,lightblue,Көкпекті өзені – Троицкое ауылы,2026-03-25,Мәні,580,125,0.387,0,538 545,level
48.556,57.5406,19289,lightblue,Ембі өзені – Жағабұлак ауылы,2026-03-25,Мәні,600,119,0.508,0,537 545,level
48.4889,57.4317,19300,lightblue,Ембі өзені – Сага ауылы,2026-03-25,Мәні,500,169,4.02,0,600,level
49.3346,57.0664,19301,lightblue,Темір өзені – Сагашили ауылы,2026-03-25,Мәні,1100,822,0.631,0.4,539,level
48.9216,57.2269,19302,lightblue,Темір өзені – Ленин ауылы,2026-03-25,Мәні,700,288,0.32,NA,539 545,level
50.8728,54.7915,19462,lightblue,Үлкен Хобда өзені - Қогалы ауылы,2026-03-25,Мәні,700,137,4.26,NA,564,level
49.0891,54.6719,19463,lightblue,Ойыл өзені – Ойыл ауылы,2026-03-25,Мәні,1050,600,1.23,1.5,545,level
49.87028,53.92639,19501,lightblue,Қалдығайты ө. – Жігерлен а.,2026-03-25,Мәні,470,246,NA,NA,539,level
51.15,50.68972,19502,lightblue,Деркұл ө. – Зеленое а.,2026-03-25,Мәні,450,138,NA,NA,540,level
49.66306,54.8625,19503,lightblue,Киіл ө. – Ақкемер а.,2026-03-25,Мәні,1150,622,NA,NA,537 545,level
48.21833,55.78056,19504,lightblue,Сағыз ө. – Алтайбатыр ауылы,2026-03-25,Мәні,480,82,NA,NA,600,level
48.21167,54.86056,19505,lightblue,Сағыз ө.  – Сағыз а.,2026-03-25,Мәні,955,415,NA,NA,600,level
48.23611,54.87361,19506,lightblue,Ноғайты ө.  – Сағыз а.,2026-03-25,Мәні,433,47,NA,NA,600,level
50.33418,57.35139,19509,lightblue,Жаман Қарағала ө. – Қызылжар а.,2026-03-25,Мәні,NA,126,NA,NA,546,level
50.33417,55.67417,19513,lightblue,Сауқайың ө. – Білтабанова а.,2026-03-25,Мәні,750,460,NA,NA,537 545,level
49.16917,58.42917,19514,lightblue,Ембі ө. – Бұлақты ауылы,2026-03-25,Мәні,NA,144,NA,NA,600,level
48.84111,58.14528,19515,lightblue,Ембі ө. – Ембі қ.,2026-03-25,Мәні,NA,145,NA,NA,546,level
49.94417,51.30667,19516,lightblue,Жайық ө. – Мергенево а.,2026-03-25,Мәні,NA,346,NA,NA,539,level
47.684,51.5968,19801,lightblue,Жайық өз. – Махамбет ауылы,2026-03-25,Мәні,1345,342,140,5.2,600,level
47.1167,51.9195,19802,lightblue,Жайық өз. – Атырау қ.,2026-03-25,Мәні,695,198,138,5.1,600,level
47.0052,51.8193,19806,lightblue,Жайық өз.  – Жаңаталап п.,2026-03-25,Мәні,757,92,105,6.3,600,level
48.562,51.7422,19808,lightblue,Жайық өз. – Индербор п.,2026-03-25,Мәні,1215,205,94.7,2.9,600,level
46.5461,48.7591,77818,lightblue,"Волга өзені, Кигач саласы - Котяевка ауылы",2026-03-25,Мәні,518,69,,7,600,level
46.6019,49.2694,77819,lightblue,"Волга өзені, Шароновка тармағы - Ганюшкино ауылы",2026-03-25,Мәні,422,162,22.6,0.8,600,level
46.6118,48.6433,77895,lightblue,"Волга өзені, Кигач саласы - Шортанбай ауылы",2026-03-25,Мәні,555,202,172,5.2,600,level
46.59139,60.77667,96009,lightblue,Арал теңізі – Кіші теңіз жағалауы (Тастүбек а.),2026-03-25,Мәні,NA,40.62,NA,NA,NA,level
46.10889,60.76333,96010,lightblue,Кіші Арал теңізі – Көкарал бөгетінің жоғарғы бьефі,2026-03-25,Мәні,NA,40.6,NA,NA,600,level
46.3707,49.1916,97046,lightblue,Каспий теңізі – Иголкинская банка,2026-03-25,Мәні,NA,179,,4.6,600,level
46.9311,50.7835,97047,lightblue,Каспий теңізі – Жамбай ауылы,2026-03-25,Мәні,NA,NA,,NA,658,level
46.9173,51.6918,97048,lightblue,Каспий теңізі – Пешной о.,2026-03-25,Мәні,NA,-105,,7.1,600,level
44.9835,50.0076,97059,lightblue,Каспий теңізі – Кулалы аралы,2026-03-25,Мәні,NA,-164,,12,NA,level
44.5473,50.2426,97060,lightblue,Каспий теңізі – Форт-Шевченко қ.,2026-03-25,Мәні,NA,-166,,6,NA,level
43.6021,51.2163,97061,lightblue,Каспий теңізі – Ақтау қ. (Ақтау морпорт),2026-03-25,Мәні,NA,-165,,7,NA,level
43.1911,51.2748,97062,lightblue,"Каспий теңізі – Исан ауылы* (Песчаный мүйісі, Маяк Песчаный мүйісі)",2026-03-25,Мәні,NA,-157,,7,NA,level
42.7975,52.6198,97063,lightblue,Каспий теңізі – Фетисово ауылы* (Кендірлі демалыс базасы),2026-03-25,Мәні,NA,-128,,5,NA,level
44.2167,50.8073,97064,lightblue,Каспий теңізі – Саура демалыс орны (Саура ауылының маңы),2026-03-25,Мәні,NA,-166,,9,NA,level
43.1786,51.6647,97065,lightblue,Каспий теңізі – Құрық п. (Хазар ауылы),2026-03-25,Мәні,NA,-190,,8,NA,level
48.0053,85.2228,11001,lightblue,Қара Ертіс өзені – Боран ауылы,2026-03-25,Мәні,560,288,132,NA,539 540,discharge
50.3894,80.9969,11002,lightblue,Ертіс өзені – Баженово ауылы,2026-03-25,Мәні,NA,267,,0.6,600,discharge
48.02389,85.42806,11003,lightblue,"Қара Ертіс ө. - ҚХР шекарасында (ҚХР шекарасынан 7,5 км төмен)",2026-03-25,Мәні,NA,NA,NA,NA,NA,discharge
47.39218,85.68813,11004,lightblue,Үлкен Ұласты ө.,2026-03-25,Мәні,NA,NA,NA,NA,NA,discharge
50.0631,82.3947,11005,lightblue,Ертіс өзені – Уварово ауылы,2026-03-25,Мәні,NA,205,,0.4,546,discharge
48.83606,82.72606,11007,lightblue,Талменка ө. – Преображенка а.,2026-03-25,Мәні,NA,100,NA,NA,NA 546,discharge
49.8908,82.698,11019,lightblue,Ертіс өзені – Абылайкит ауылы,2026-03-25,Мәні,350,209,,3,600,discharge
50.3792,80.2631,11025,lightblue,Ертіс өзені – Семей қ.,2026-03-25,Мәні,450,261,,NA,565,discharge
50.8861,78.3122,11027,lightblue,Ертіс өзені – Семиярка ауылы,2026-03-25,Мәні,550,263,660,NA,566 708,discharge
52.2648,76.9377,11037,lightblue,Ертіс өзені – Павлодар қ.,2026-03-25,Мәні,800,354,,NA,565,discharge
53.3258,75.4719,11040,lightblue,Ертіс өзені – Ертіс а.,2026-03-25,Мәні,1262,170,,NA,565,discharge
53.7057,75.083,11041,lightblue,Ертіс өзені - Прииртышское ауылы,2026-03-25,Мәні,1967,480,613,NA,565,discharge
48.4348,85.8389,11063,lightblue,БасТеректі өзені – Мойылды ауылы (Николаевка),2026-03-25,Мәні,NA,104,3.17,0.1,NA 563,discharge
48.1366,85.1963,11068,lightblue,Қалжыр өзені – Қалжыр ауылы,2026-03-25,Мәні,NA,379,12.7,0,NA 564,discharge
47.283,84.1061,11077,lightblue,Қандысу өзені – Сарыөлең ауылы,2026-03-25,Мәні,NA,75,4.17,0.1,NA 513,discharge
47.738,82.8379,11087,lightblue,Қарғыбы өзені (Қарабұға) – Есім ауылы,2026-03-25,Мәні,NA,412,,0,NA 564,discharge
47.8785,82.01,11089,lightblue,Бұғаз өзені – Қызыл-Кесік ауылы,2026-03-25,Мәні,NA,265,,0.2,NA 537,discharge
49.0097,82.7882,11094,lightblue,Үлкен Бөкен өзені – Джумба ауылы,2026-03-25,Мәні,NA,235,0.44,0,NA 565,discharge
48.6059,83.8701,11108,lightblue,Күршім өзені – Вознесенка ауылы,2026-03-25,Мәні,350,200,15.1,0.2,540 537,discharge
48.7556,84.675,11110,lightblue,Күршім өзені – Маралды ауылы,2026-03-25,Мәні,NA,219,9.78,0.2,NA 563,discharge
49.0259,83.5528,11113,lightblue,Қайынды өзені – Миролюбовка ауылы,2026-03-25,Мәні,NA,109,NA,0.2,546,discharge
49.207,84.5177,11117,lightblue,Нарын өзені – Үлкен Нарын ауылы,2026-03-25,Мәні,NA,146,9.21,2.2,600,discharge
49.2092,84.6597,11118,lightblue,Нарын өзені – Юбилейное ауылы,2026-03-25,Мәні,NA,281,7.55,1,600,discharge
49.6242,84.351,11123,lightblue,Березовка өзені – Соловьево ауылы,2026-03-25,Мәні,290,85,0.3,0.2,564,discharge
49.3661,86.4492,11124,lightblue,Бұқтырма өзені – Берел ауылы,2026-03-25,Мәні,290,68,8.65,0,NA 565,discharge
49.332,85.1716,11126,lightblue,Бұқтырма өзені – Барлық ауылы (Печи ауылы),2026-03-25,Мәні,250,86,17.2,0.1,NA 537,discharge
49.73419,84.56333,11128,lightblue,Бұқтырма ө. – Быково а.,2026-03-25,Мәні,NA,337,NA,NA,NA 565,discharge
49.8295,84.3292,11129,lightblue,Бұқтырма өзені – Лесная пристань ауылы,2026-03-25,Мәні,580,320,35,0.1,563,discharge
49.3835,86.4299,11130,lightblue,Ақберел өзені – Берел ауылы,2026-03-25,Мәні,NA,242,,0.2,NA 563,discharge
49.2265,85.8874,11131,lightblue,Черновая өзені – Черновое ауылы,2026-03-25,Мәні,NA,497,1.51,0,NA 564,discharge
49.584583,84.786028,11135,lightblue,Бұқтырма өзені – Сенное ауылы,2026-03-25,Мәні,NA,230,NA,0,NA 564,discharge
49.2475,86.3346,11136,lightblue,Өрел өзені – Өрел ауылы,2026-03-25,Мәні,NA,138,1.68,1,NA 513,discharge
49.3784,85.4105,11143,lightblue,Ақсу өзені – Ақсу ауылы (Белая өзені – Белое ауылы),2026-03-25,Мәні,NA,121,4.45,0,NA 565,discharge
49.5116,84.391,11146,lightblue,Левая Березовка өзені – Средигорное ауылы,2026-03-25,Мәні,200,72,0.83,0,546,discharge
49.8915,84.0783,11147,lightblue,Тұрғысын өзені – Кутиха ауылы,2026-03-25,Мәні,NA,149,26.8,0.2,NA 563,discharge
49.175,85.5817,11148,lightblue,Сарымсақты өзені – Қатон-Қарағай ауылы,2026-03-25,Мәні,NA,275,NA,0.2,600,discharge
49.8356,84.3296,11151,lightblue,Хамир өзені – Малеевск ауылы,2026-03-25,Мәні,NA,100,14.1,0.1,519 546,discharge
49.5542,83.0003,11155,lightblue,Тайынты өзені – Асубұлақ ауылы,2026-03-25,Мәні,NA,236,2.83,0.2,NA 513,discharge
49.8202,83.1452,11159,lightblue,Смолянка өзені – Северное ауылы,2026-03-25,Мәні,NA,59,0.66,0.2,546,discharge
49.3939,82.5608,11160,lightblue,Сибе өзені – Алғабас ауылы,2026-03-25,Мәні,NA,106,NA,1,NA 546,discharge
50.2677,83.3745,11163,lightblue,Үлбі өзені – Риддер қаласы,2026-03-25,Мәні,NA,319,,NA,563,discharge
50.0107,82.8419,11164,lightblue,Үлбі өзені – Перевалочная ауылы,2026-03-25,Мәні,380,98,28,0.2,545 564,discharge
50.02169,82.86806,11165,lightblue,Кіші Үлбі ө. – Новоульбинка а.,2026-03-25,Мәні,NA,205,NA,NA,NA 539,discharge
50.1905,82.58,11170,lightblue,Глубочанка өзені – Белокаменка ауылы,2026-03-25,Мәні,334,224,0.93,0.4,546 546,discharge
50.3647,83.4471,11173,lightblue,Шаровка өзені – Шаровка ауылы,2026-03-25,Мәні,NA,138,NA,0,NA 564,discharge
49.9877,82.2633,11187,lightblue,Дресвянка өзені – Отрадное ауылы,2026-03-25,Мәні,NA,90,7.66,0.1,546,discharge
50.2473,82.2437,11188,lightblue,Красноярка өзені – Предгорное ауылы,2026-03-25,Мәні,350,184,2.17,0.4,515,discharge
49.9888,82.9151,11189,lightblue,Үлбі өзені – Таулы Үлбі ауылы,2026-03-25,Мәні,380,149,,0.2,563,discharge
50.7702,83.0361,11199,lightblue,Оба өзені – Қарақожа ауылы,2026-03-25,Мәні,NA,181,20.2,0,NA 565,discharge
50.4874,82.4147,11203,lightblue,Оба өзені – Верхоба ауылы (Қарақожа),2026-03-25,Мәні,450,188,,0.2,539,discharge
50.613,81.8762,11207,lightblue,Оба өзені – Шемонаиха ауылы,2026-03-25,Мәні,430,169,43.3,0.2,539 566,discharge
50.50781,81.70256,11208,lightblue,Оба ө. – Красный Яр а.,2026-03-25,Мәні,NA,188,NA,NA,NA 564,discharge
49.6994,81.5063,11213,lightblue,Қызылсу өзені – Шалабай ауылы,2026-03-25,Мәні,NA,167,0.69,0.6,600,discharge
49.5849,81.0673,11218,lightblue,Шар өзені – Шар қ.,2026-03-25,Мәні,NA,262,NA,0,NA 565,discharge
50.3807,82.7282,11220,lightblue,Кіші Оба өзені – Быструха ауылы,2026-03-25,Мәні,NA,438,NA,0,539 540,discharge
50.1463,81.853,11221,lightblue,Жартас өзені – Гагарино ауылы,2026-03-25,Мәні,NA,140,0.48,0,NA 563,discharge
49.1633,81.9697,11233,lightblue,Шар өзені – Кеңтарлау ауылы,2026-03-25,Мәні,490,285,5.2,0.2,600,discharge
51.7242,72.3037,11242,lightblue,Сілеті өзені – Новомарковка ауылы,2026-03-25,Мәні,1250,NA,NA,NA,575,discharge
52.0006,72.6833,11253,lightblue,Сілеті өзені – Селетин су қоймасынан жоғары (Бестоғай),2026-03-25,Мәні,1500,818,NA,NA,565 665,discharge
51.9569,69.9765,11262,lightblue,Боксук өзені – Журавлевка ауылы,2026-03-25,Мәні,690,282,NA,NA,565 665,discharge
53.53417,71.55833,11264,lightblue,Шат ө. – Ленинградское а.,2026-03-25,Мәні,NA,485,NA,NA,565,discharge
51.5363,71.9311,11272,lightblue,Сілеті өзені – Приречное ауылы,2026-03-25,Мәні,500,149,NA,NA,565 665,discharge
52.43167,66.74472,11274,lightblue,Есіл ө. – Шоптыкөл а.,2026-03-25,Мәні,NA,292,NA,NA,565,discharge
52.4939,73.2855,11275,lightblue,Сілеті өзені – Изобильное ауылы,2026-03-25,Мәні,800,342,30.2,0.3,538 542,discharge
53.9847,68.2305,11282,lightblue,Қамысақты өзені – Ясновка ауылы,2026-03-25,Мәні,740,498,NA,NA,565 665,discharge
53.0995,69.0123,11291,lightblue,Шағалалы өзені – Павловка ауылы,2026-03-25,Мәні,300,109,0.045,0.2,538 542,discharge
53.6927,69.623,11293,lightblue,Шағалалы өзені – Северное ауылы,2026-03-25,Мәні,400,166,NA,NA,565 538,discharge
50.6197,73.0279,11395,lightblue,Есіл өзені – Приишимское ауылы,2026-03-25,Мәні,385,148,0.109,NA,565,discharge
50.7534,72.3393,11397,lightblue,Есіл өзені – Түрген ауылы,2026-03-25,Мәні,650,156,0.23,NA,565,discharge
51.1577,71.4146,11398,lightblue,Есіл өзені – Астана қ.,2026-03-25,Мәні,750,662,,NA,565,discharge
52.0204,66.2673,11404,lightblue,Есіл өзені – Каменный карьер ауылы,2026-03-25,Мәні,970,168,4.76,NA,565,discharge
52.9626,66.6271,11405,lightblue,Есіл өзені – Тоқсан би ауылы,2026-03-25,Мәні,1800,281,16.5,NA,564,discharge
53.8724,67.4301,11407,lightblue,Сергеевск су қоймасы (Есіл өзені) – Сергеевка ауылы,2026-03-25,Мәні,NA,773,,0,565,discharge
53.8786,67.4318,11408,lightblue,Есіл өзені – Сергеевка қ.,2026-03-25,Мәні,1250,219,,0,563,discharge
54.2919,68.3357,11409,lightblue,Есіл өзені – Покровка ауылы (Явленка ауылы),2026-03-25,Мәні,1300,152,13.8,NA,565,discharge
54.9142,69.125,11410,lightblue,Есіл өзені – Петропавловск қ.,2026-03-25,Мәні,960,255,15.7,NA,563,discharge
51.0988,71.4913,11411,lightblue,Есіл өзені – Тельман ауылы,2026-03-25,Мәні,790,622,,NA,565 678,discharge
51.1737,71.343,11413,lightblue,Есіл өзені – Көктал ауылы,2026-03-25,Мәні,665,211,,0,546,discharge
51.3075,70.7334,11414,lightblue,Есіл өзені – Новоишимка ауылы,2026-03-25,Мәні,800,495,7.31,NA,565,discharge
50.8428,72.1835,11415,lightblue,Есіл өзені – Аршалы ауылы,2026-03-25,Мәні,470,178,0.98,0.2,564,discharge
53.4299,67.0627,11416,lightblue,Есіл өзені – Крещенка ауылы,2026-03-25,Мәні,1900,773,,NA,565 537,discharge
51.0896,72.4422,11421,lightblue,Мойылды өзені – Николаевка ауылы,2026-03-25,Мәні,550,148,0.299,NA,565,discharge
51.7865,69.4628,11424,lightblue,Қалқұтан өзені – Қалқұтан ауылы,2026-03-25,Мәні,670,257,1.2,0.1,564,discharge
51.6591,70.694,11425,lightblue,Қалқұтан өзені – Новокубанка ауылы,2026-03-25,Мәні,1350,530,NA,NA,565 665,discharge
51.2622,67.2075,11426,lightblue,Терісаққан өзені – Терісаққан ауылы,2026-03-25,Мәні,885,677,,NA,565,discharge
53.2904,67.0672,11430,lightblue,Мұққыр өзені – Мұқыр ауылы,2026-03-25,Мәні,1040,156,NA,NA,565 665,discharge
52.5372,68.7893,11432,lightblue,Жабай өзені – Балкашино ауылы,2026-03-25,Мәні,520,-43,NA,NA,565 665,discharge
51.7982,68.3685,11433,lightblue,Жабай өзені – Атбасар қ.,2026-03-25,Мәні,820,132,NA,0,564 665,discharge
52.7428,67.6603,11453,lightblue,Бабық-Бұрлық өзені – Гусаковка ауылы (Рухловка ауылы),2026-03-25,Мәні,1220,386,0.37,0,564,discharge
53.6583,67.4128,11461,lightblue,Иманбұрлық өзені – Соколовка ауылы,2026-03-25,Мәні,NA,76,0.17,0,565,discharge
52.5786,67.6824,11468,lightblue,Аққанбұрлық өзені – Ковыльное ауылы (Привольное ауылы),2026-03-25,Мәні,1520,195,NA,0,565 665,discharge
52.7918,66.7581,11469,lightblue,Аққанбұрлық өзені – Григорьевка ауылы (Возвышенка ауылы),2026-03-25,Мәні,NA,156,1.64,0,565,discharge
51.0923,66.3185,11471,lightblue,Есіл өзені – Державинск қ.,2026-03-25,Мәні,1120,221,4.84,NA,565,discharge
52.1017,68.3128,11472,lightblue,Жыланды өзені – Шуйское ауылы,2026-03-25,Мәні,1260,576,,NA,565,discharge
53.0046,67.3719,11473,lightblue,Шарық өзені – Андреевка ауылы,2026-03-25,Мәні,980,289,NA,NA,565 665,discharge
52.8157,66.9322,11474,lightblue,Шарық өзені – Рузаевка ауылы,2026-03-25,Мәні,780,156,0.22,NA,564,discharge
51.585,67.59833,11476,lightblue,Есіл ө. – Жаңа Қима а.,2026-03-25,Мәні,NA,499,NA,NA,NA,discharge
53.57333,67.59444,11477,lightblue,Сарыөзек ө. – Сухорабовка а.,2026-03-25,Мәні,NA,NA,NA,NA,575,discharge
52.4742,65.3672,11479,lightblue,Қарасу өзені – Люблинка ауылы,2026-03-25,Мәні,1000,598,NA,NA,665,discharge
52.0841,69.6243,11485,lightblue,Аршалы өзені – Буденовка ауылы,2026-03-25,Мәні,1250,475,,NA,565,discharge
52.3925,65.7941,11486,lightblue,Тімтуір өзені – Кошевое ауылы,2026-03-25,Мәні,913,487,,NA,665,discharge
52.28444,70.09066,11491,lightblue,Жолболды ө. – Иванковка а.,2026-03-25,Мәні,NA,371,NA,NA,NA,discharge
52.4012,70.21974,11492,lightblue,Қайрақты ө. – Вознесенка а.,2026-03-25,Мәні,NA,NA,NA,NA,575,discharge
52.05237,69.61144,11600,lightblue,Қоңыр ө. – Новобратское а.,2026-03-25,Мәні,NA,687,NA,NA,NA,discharge
53.51026,69.52898,11611,lightblue,р. Шагалалы-  с. Алексеевка,2026-03-25,Мәні,NA,668,NA,NA,NA,discharge
50.99868,68.16822,11612,lightblue,Шортанбай ө. – Сочинское а.,2026-03-25,Мәні,NA,938,NA,NA,NA,discharge
51.28125,66.05361,11613,lightblue,Коко  ө. – Костычево а.,2026-03-25,Мәні,NA,469,NA,NA,NA,discharge
51.99573,66.57433,11614,lightblue,Қызылсу ө. – Свободное а.,2026-03-25,Мәні,NA,233,NA,NA,NA,discharge
52.55125,67.24642,11615,lightblue,Ақанбұрлық ө. – Чистополье а.,2026-03-25,Мәні,NA,376,NA,NA,565,discharge
52.58317,66.49967,11616,lightblue,Есіл ө. – Дружба а.,2026-03-25,Мәні,NA,331,NA,NA,565 537,discharge
55.00739,69.10433,11617,lightblue,Есіл ө. – Ольшанка а.,2026-03-25,Мәні,NA,363,NA,NA,565,discharge
54.78853,69.00158,11618,lightblue,Есіл ө. – Сосновый бор (Вороний аралы),2026-03-25,Мәні,NA,531,NA,NA,565 537,discharge
54.69847,68.98311,11619,lightblue,Есіл ө. – Новокаменка а.,2026-03-25,Мәні,NA,1199,NA,NA,565,discharge
51.73574,68.65144,11620,lightblue,Есіл ө. – Поповка а.,2026-03-25,Мәні,NA,423,NA,NA,NA,discharge
51.0229,71.9738,11644,lightblue,Есіл өзені – Волгодоновка ауылы,2026-03-25,Мәні,685,102,0.07,0,564,discharge
54.5245,68.7187,11645,lightblue,Есіл өзені – Новоникольское ауылы,2026-03-25,Мәні,1549,579,,NA,565,discharge
55.3169,69.4451,11646,lightblue,Есіл өзені - Долматово ауылы,2026-03-25,Мәні,1450,498,11.5,NA,565,discharge
50.69333,72.70861,11649,lightblue,Есіл ө. – Есіл к. (Литвинское),2026-03-25,Мәні,510,105,NA,NA,565,discharge
49.8352,82.6463,11661,lightblue,Абылайкит өзені – Самсоновка ауылы,2026-03-25,Мәні,420,263,5.6,0.2,546,discharge
53.2631,75.608,11663,lightblue,Ертіс өзені – Жаңабет ауылы,2026-03-25,Мәні,1282,297,666,NA,565,discharge
52.3295,76.8832,11667,lightblue,"Ертіс өзені – Павлодар қ., автомост",2026-03-25,Мәні,1084,210,626,NA,563,discharge
49.9785,82.4231,11668,lightblue,Ұлан өзені – Герасимовка ауылы,2026-03-25,Мәні,480,375,2.77,0.2,NA 537,discharge
53.10389,69.85861,11670,lightblue,Қылшақты ө. – Кенесары а.,2026-03-25,Мәні,NA,295,NA,NA,NA,discharge
53.24667,69.6325,11671,lightblue,Қылшақты ө.  – Ивановка а.,2026-03-25,Мәні,NA,185,NA,NA,NA,discharge
48.7912,86.0238,11901,lightblue,Марқакөл көлі – Уранқай ауылы,2026-03-25,Мәні,NA,150,,0,NA 565,discharge
47.7421,84.1999,11902,lightblue,Бұқтырма су қоймасы – Тұғыл ауылы (Зайсан-Нор көлі),2026-03-25,Мәні,NA,522,,0,566 547,discharge
48.2216,83.6865,11903,lightblue,Бұқтырма су қоймасы – Ақсуат ауылы (Зайсан-Нор көлі),2026-03-25,Мәні,NA,523,,0,NA 565,discharge
54.9128,69.1253,11904,lightblue,Петропавл су қоймасы (Есіл өзені) – Петропавловск қ.,2026-03-25,Мәні,NA,695,,NA,565,discharge
48.6756,83.4897,11905,lightblue,Бұқтырма су қоймасы – Құйған ауылы,2026-03-25,Мәні,NA,523,,0,565,discharge
49.2013,84.3444,11907,lightblue,Бұқтырма су қоймасы – Хайрузовка ауылы,2026-03-25,Мәні,NA,527,,0,NA 565,discharge
52.9171,69.1446,11908,lightblue,Зеренді көлі – Зеренді ауылы,2026-03-25,Мәні,NA,719,,0,564,discharge
53.0094,70.196,11909,lightblue,Шортан көлі – Щучинск қ.,2026-03-25,Мәні,NA,963,,NA,565 537,discharge
49.6713,83.8308,11910,lightblue,Бұқтырма су қоймасы – Заводинка ауылы,2026-03-25,Мәні,NA,518,,NA,NA 565,discharge
49.6122,83.5024,11911,lightblue,Бұқтырма су қоймасы – Селезневка ауылы,2026-03-25,Мәні,NA,524,,0,565 705,discharge
52.1484,72.7424,11915,lightblue,Селетинское су қоймасы – жоғарғы бьеф (Сілеті ауылы),2026-03-25,Мәні,NA,276,,NA,565 691,discharge
54.0003,68.4028,11916,orange,Ү. Тарангүл көлі - Корнеевка а.,2026-03-25,Мәні,365,332,,NA,565,discharge
53.0849,70.2998,11917,lightblue,Бурабай көлі – Боровое ауылы,2026-03-25,Мәні,NA,866,,NA,565,discharge
53.1279,70.2772,11918,lightblue,Үлкен Шабақты көлі – Боровое ауылы,2026-03-25,Мәні,NA,931,,NA,565,discharge
53.3004,69.3803,11919,lightblue,Копа көлі – Көкшетау қ.,2026-03-25,Мәні,NA,408,,NA,565 537,discharge
50.7821,75.7001,11935,lightblue,Сабындыкөл көлі – Баянауыл п.,2026-03-25,Мәні,NA,331,,NA,565,discharge
53.3289,65.5654,11961,lightblue,Сарыкөл көлі – Ермаковка ауылы,2026-03-25,Мәні,NA,885,,NA,665,discharge
54.0358,65.3441,11964,lightblue,Балықты көлі – Ұзынкөл ауылы,2026-03-25,Мәні,NA,786,,NA,565,discharge
51.005,72.254,11966,lightblue,Астана су қоймасы – Михайловка ауылы,2026-03-25,Мәні,NA,794,,NA,565,discharge
50.9917,72.1178,11974,lightblue,Астана су қоймасы – Арнасай ауылы,2026-03-25,Мәні,NA,404,,NA,565,discharge
51.4393,61.3439,12001,lightblue,Тобыл өзені - Аққарға ауылы,2026-03-25,Мәні,400,168,,NA,565 537,discharge
52.3903,61.7025,12002,lightblue,Тобыл өзені – Гришенка ауылы,2026-03-25,Мәні,650,165,0.858,NA,565,discharge
51.9242,61.5313,12004,lightblue,Тобыл өзені – Приречное ауылы,2026-03-25,Мәні,980,624,,NA,665,discharge
53.2084,63.6496,12008,lightblue,Тобыл өзені – Қостанай қ.,2026-03-25,Мәні,600,328,5.2,NA,565,discharge
53.8099,63.7891,12015,lightblue,Тобыл өзені – Молодежное ауылы,2026-03-25,Мәні,1035,67,NA,NA,565,discharge
54.0031,63.7895,12016,lightblue,Тобыл өзені – Введенка ауылы,2026-03-25,Мәні,1025,475,,NA,565,discharge
52.63444,62.71194,12017,lightblue,Тобыл ө. – Новоильиновка а.,2026-03-25,Мәні,NA,NA,NA,NA,NA,discharge
52.1694,61.1927,12024,lightblue,Шортанды өзені – Жітіқара қ.,2026-03-25,Мәні,1015,837,,NA,665,discharge
53.5892,61.6797,12025,lightblue,Тоғызақ өзені - Михайловка ауылы,2026-03-25,Мәні,1000,64,NA,NA,564,discharge
52.3779,61.1074,12029,lightblue,Желқуар өзені - Чайковское ауылы,2026-03-25,Мәні,550,293,0.55,NA,565,discharge
52.9666,62.1859,12032,lightblue,Аят өзені - Варваринка ауылы,2026-03-25,Мәні,600,137,1.5,NA,564 565,discharge
53.8002,62.1854,12072,lightblue,Тоғызақ өзені - Тоғызақ станциясы,2026-03-25,Мәні,750,201,2.03,NA,565 564,discharge
53.9175,64.7593,12075,lightblue,Убаган өзені - Ақсуат ауылы,2026-03-25,Мәні,800,285,NA,0,565,discharge
52.7841,65.1662,12088,lightblue,Құндызды өзені – Новоселевка ауылы,2026-03-25,Мәні,900,572,,0,565,discharge
52.9159,61.5457,12564,lightblue,Камысты-Аят өзені - Свердловка ауылы,2026-03-25,Мәні,505,56,0.4,NA,565,discharge
54.2006,63.4688,12701,lightblue,Ұй өзені - Ұй ауылы,2026-03-25,Мәні,800,312,4.64,NA,542 537,discharge
49.3548,63.0886,13002,lightblue,Торғай өзені – Түсім Құмдары,2026-03-25,Мәні,1658,714,NA,NA,565 537,discharge
50.1073,65.3162,13005,lightblue,Қараторғай өзені – Үрпек ауылы (Ақөткел),2026-03-25,Мәні,960,581,NA,NA,565,discharge
50.4308,65.6407,13006,lightblue,Жалдама өзені – Амантоғай ауылы,2026-03-25,Мәні,1018,565,,0,665,discharge
49.8466,64.2906,13029,lightblue,Қабырға өзені – Қалқамыш ауылы,2026-03-25,Мәні,1020,721,,NA,565,discharge
50.4793,64.2648,13031,lightblue,Сарыөзен өзені – Саға ауылы,2026-03-25,Мәні,1300,779,NA,NA,565,discharge
49.9394,60.1294,13035,lightblue,Ырғыз өзені – Қарабұтақ ауылы,2026-03-25,Мәні,600,179,,0,537,discharge
48.7145,60.2965,13038,lightblue,Ырғыз өзені – Шеңбертал ауылы,2026-03-25,Мәні,1050,556,NA,0,537 545,discharge
48.3854,67.8485,13048,lightblue,Қаракеңгір өзені – Малшыбай ауылы,2026-03-25,Мәні,490,244,NA,NA,565,discharge
48.8703,68.0532,13052,lightblue,Сарыкеңгір өзені – Алғабас ауылы (Бетбұлақ),2026-03-25,Мәні,350,137,NA,NA,537 538,discharge
48.0584,67.0602,13053,lightblue,Жезді өзені – Жезді ауылы,2026-03-25,Мәні,240,92,2.54,NA,513,discharge
49.1875,75.2138,13056,lightblue,Жарлы өзені – Жарлы ауылы (Нұркен),2026-03-25,Мәні,298,115,0.19,NA,565,discharge
49.3427,74.4689,13061,lightblue,Нұра өзені – Бес-Оба ауылы,2026-03-25,Мәні,470,267,2.19,0,538,discharge
49.9692,74.0529,13064,lightblue,Нұра өзені – Шешенқара ауылы,2026-03-25,Мәні,626,401,2.31,0.4,563 563,discharge
50.0827,73.5078,13065,lightblue,Нұра өзені – Петровка ауылы,2026-03-25,Мәні,711,236,24.2,NA,542,discharge
50.083,73.2315,13066,lightblue,Нұра өзені – Балықты т.ж.в. (Сергиопольское ауылы),2026-03-25,Мәні,700,213,3.33,NA,563,discharge
50.05667,73.91222,13071,lightblue,Шиілі ө. – Шайлы а. (Шиілі),2026-03-25,Мәні,416,169,NA,NA,537,discharge
50.1075,73.15528,13073,lightblue,Нұра ө. – Ғабиден Мұстафин к. (Тоқаревка),2026-03-25,Мәні,313,72,NA,NA,565,discharge
49.21806,73.39222,13075,lightblue,Қызылқой ө. – Қызылқой к.,2026-03-25,Мәні,256,72,NA,NA,537,discharge
50.8288,71.3352,13076,lightblue,Нұра өзені – Қошқарбаева ауылы,2026-03-25,Мәні,800,147,3.04,NA,565,discharge
50.5936,70.0068,13077,lightblue,Нұра өзені – Қорғалжын ауылы,2026-03-25,Мәні,900,419,2.03,NA,565,discharge
50.9567,70.8666,13078,lightblue,Нұра өзені – Бірлік ауылы,2026-03-25,Мәні,1220,741,NA,NA,565 665,discharge
49.21667,66.66167,13079,lightblue,Қараторғай ө. – Қорғасын а.,2026-03-25,Мәні,490,160,NA,NA,537,discharge
49.94447,72.53364,13081,lightblue,Нұра ө. – Жаңаталап а. (Молодецкое),2026-03-25,Мәні,NA,203,NA,NA,537,discharge
50.14873,72.77191,13082,lightblue,Ошағанды ө. – Андренниково а.,2026-03-25,Мәні,NA,NA,NA,NA,575,discharge
49.9376,73.2721,13084,lightblue,Көкпекті өзені – Көкпекті ауылы,2026-03-25,Мәні,350,47,NA,NA,537,discharge
48.7687,73.6898,13085,lightblue,Шерубай-Нұра өзені – Ақсу Аюлы ауылы,2026-03-25,Мәні,310,75,NA,NA,565,discharge
49.7006,74.6701,13087,lightblue,Матақ өзені – Матақ ауылы,2026-03-25,Мәні,435,234,NA,NA,537 547,discharge
49.114,73.4688,13090,lightblue,Шерубай-Нұра өзені – Шопан ауылы,2026-03-25,Мәні,450,150,0.363,0.2,513,discharge
49.2446,71.9748,13091,lightblue,Шерубай-Нұра өзені – Қарамұрын өткелі,2026-03-25,Мәні,420,110,1.3,0,513,discharge
49.0994,75.8625,13105,lightblue,Талды өзені – Новостройка ауылы,2026-03-25,Мәні,555,NA,NA,NA,575,discharge
48.5525,70.436,13115,lightblue,Сарысу өзені – 189 км өткелі,2026-03-25,Мәні,390,230,34.8,0.2,538,discharge
48.3059,69.6304,13116,lightblue,Сарысу өзені – Қызылжар т.ж.в.,2026-03-25,Мәні,460,129,0.735,0.2,540,discharge
48.6684,71.6405,13128,lightblue,Жаман Сарысу өзені – Атасу ауылы,2026-03-25,Мәні,350,164,NA,NA,565 565,discharge
49.6993,73.3008,13142,lightblue,Соқыр өзені – Қаражар ауылы,2026-03-25,Мәні,370,270,4.73,NA,537,discharge
50.2554,71.5658,13148,lightblue,Үлкен Құндызды өзені – Киевка ауылы,2026-03-25,Мәні,450,NA,NA,0,575,discharge
49.7033,73.3187,13150,lightblue,Соқыр өзені – Құрылыс ауылы,2026-03-25,Мәні,400,105,0.03,NA,537,discharge
48.91,73.3324,13152,lightblue,Қарамыс өзені – Қарамыс ауылы,2026-03-25,Мәні,300,NA,NA,NA,575,discharge
49.4212,72.9103,13153,lightblue,Топар өзені – Құлайғыр ауылы,2026-03-25,Мәні,414,123,5.02,NA,565 665,discharge
49.06535,73.54649,13154,lightblue,Талды ө. – Қошқарбай а.,2026-03-25,Мәні,NA,NA,NA,NA,575,discharge
48.15972,67.51444,13170,lightblue,Жыланды ө. – Сәтпаев а. (бұрынғы Северный),2026-03-25,Мәні,409,116,NA,NA,600,discharge
48.95417,62.00917,13172,lightblue,Өлкейек ө. – Дүкен а.,2026-03-25,Мәні,850,52,NA,NA,539 545,discharge
50.78194,65.06972,13173,lightblue,Сарыөзен ө. – Степняк а.,2026-03-25,Мәні,NA,104,NA,NA,565,discharge
48.24694,62.0675,13181,lightblue,Торғай ө. – Құйылыс а.,2026-03-25,Мәні,750,198,NA,NA,546,discharge
49.7454,71.7158,13190,lightblue,Нұра өзені – Ақмешіт ауылы (Захаровка),2026-03-25,Мәні,960,542,4.26,NA,565,discharge
48.62667,61.26139,13196,lightblue,Ырғыз ө.  – Ырғыз а.,2026-03-25,Мәні,1515,556,NA,NA,537 545,discharge
49.6734,69.5488,13198,lightblue,Жаманкөң өзені – Баршино ауылы,2026-03-25,Мәні,570,232,NA,0,565 665,discharge
51.2035,65.0328,13201,lightblue,Дәмді өзені – Дәмді ауылы,2026-03-25,Мәні,510,NA,NA,NA,660,discharge
49.5348,66.1266,13221,lightblue,Сарытоғай өзені – Екідін  ауылы(СарыТорғай ауылы),2026-03-25,Мәні,1080,622,NA,NA,537 545,discharge
48.95389,62.40056,13228,lightblue,Торғай ө. – Мамыр а.,2026-03-25,Мәні,900,440,NA,NA,539 545,discharge
48.78056,62.28389,13229,lightblue,Торғай ө. – Белшер а.,2026-03-25,Мәні,900,374,NA,NA,537 545,discharge
48.04194,62.51639,13230,lightblue,Торғай ө. – Жайсанбай а.,2026-03-25,Мәні,750,229,NA,NA,537 545,discharge
50.14306,60.17639,13231,lightblue,Ырғыз ө. – Аралтөбе а.,2026-03-25,Мәні,NA,537,NA,NA,537 545,discharge
47.829,59.6035,13902,lightblue,Шалқар көлі – Шалқар қ.,2026-03-25,Мәні,1000,820,,1.6,545,discharge
43.758,80.2308,14002,lightblue,Іле өзені - Добын саласы,2026-03-25,Мәні,490,254,357,10,600,discharge
43.8373,78.8288,14004,lightblue,Іле өз.– Капшағай СЭС 164 км жоғары,2026-03-25,Мәні,500,344,316,9,600,discharge
43.7941,80.5,14005,lightblue,"Іле өзені - шекарадан 8,5 км төмен (Онопко)",2026-03-25,Мәні,1289,NA,NA,NA,NA,discharge
44.1321,76.9855,14011,lightgray,Іле өзені – Қапшағай шатқалы,2026-03-25,Мәні,501,NA,NA,NA,NA,discharge
44.9561,75.8038,14014,lightblue,Іле өзені – Үшжарма ауылы,2026-03-25,Мәні,376,56,,8,600,discharge
45.0704,75.41,14016,lightblue,Іле ө. –Жиделі жеңінің тармағынан 1 км төмен,2026-03-25,Мәні,328,47,0.08,6,600,discharge
45.4312,74.3309,14017,lightblue,Іле өзені – Жиделі  ауылы,2026-03-25,Мәні,286,54,0.298,9.4,600,discharge
42.8417,80.0524,14022,lightblue,Текес өзені - Текес ауылы,2026-03-25,Мәні,230,132,7.73,3.2,600,discharge
42.6688,80.1748,14032,lightblue,Нарынқол өзені - Нарынқол ауылы,2026-03-25,Мәні,240,167,,0,546,discharge
42.5997,79.9969,14033,lightblue,Баянқол өзені - Баянқол ауылы,2026-03-25,Мәні,190,71,2.73,0,546,discharge
44.4422,80.3645,14043,lightblue,Қорғас өзені - Басқұншы ауылынан 11 км жоғары,2026-03-25,Мәні,NA,276,,4,600,discharge
44.4723,79.8313,14072,lightblue,"Өсек өзені – Кіші Өсек өзені құяр жерінен 1,7 км жоғары",2026-03-25,Мәні,400,136,6.31,1,600,discharge
44.4597,79.8199,14078,lightblue,"Кіші Өсек өзені – сағасынан 0,2 км жоғары",2026-03-25,Мәні,340,94,2.39,3.8,600,discharge
44.3179,79.8105,14088,lightblue,Борохудзир өзені – Көктал-Арасан ауылы,2026-03-25,Мәні,244,74,2.29,0.3,600,discharge
43.4995,79.2126,14118,lightblue,Шарын өзені – Сарытоғай шатқалы,2026-03-25,Мәні,250,96,17.3,5,600,discharge
42.759,79.1736,14136,lightblue,Қарқара өзені - таулардан шығатын жерінде,2026-03-25,Мәні,256,85,3.41,0,563,discharge
43.2986,79.1962,14142,lightblue,Темірлік өзені – Темірлік ауылы,2026-03-25,Мәні,260,179,1.26,2,600,discharge
43.3064,78.5157,14159,lightblue,Шілік өзені – Бартоғай су қоймасынан жоғары,2026-03-25,Мәні,435,303,11.3,4,600,discharge
43.4361,78.4059,14160,lightblue,Шілік өзені – Малыбай ауылы,2026-03-25,Мәні,186,32,0.197,5,600,discharge
43.3367,77.6161,14187,lightblue,Түрген өзені – Таутүрген ауылы,2026-03-25,Мәні,180,70,0.36,4,600,discharge
43.2973,77.4988,14198,lightblue,Есік өзені – Есік қ.,2026-03-25,Мәні,300,NA,NA,NA,660,discharge
43.2531,77.2163,14200,lightblue,Талғар өзені – Талғар қ.,2026-03-25,Мәні,260,137,,3.2,600,discharge
43.1349,76.6126,14218,lightblue,Қаскелең өзені – Қаскелең қ.,2026-03-25,Мәні,340,272,1.4,4,600,discharge
43.7219,77.0717,14223,lightblue,Қаскелең өзені – сағасы,2026-03-25,Мәні,220,133,7.44,9.4,600,discharge
43.057,76.9866,14239,lightblue,"Үлкен Алматы өзені – Үлкен Алматы көліне 1,1 км жоғары",2026-03-25,Мәні,338,287,0.18,1,600,discharge
43.1078,76.9187,14242,lightblue,Үлкен Алматы өзені – Проходной өзені сағасынан 2 км жоғары,2026-03-25,Мәні,400,225,0.538,5,600,discharge
43.0806,76.9925,14250,lightblue,Күмбел өзені – сағасы,2026-03-25,Мәні,125,84,0.89,0,513 524,discharge
43.1115,76.9112,14252,lightblue,Проходная өзені – сағасы,2026-03-25,Мәні,310,264,0.883,3.2,600,discharge
43.1244,76.9189,14253,lightblue,Тересбұтақ ағыны– сағасы,2026-03-25,Мәні,250,207,1.23,1,546,discharge
43.0861,77.0783,14254,lightblue,Кіші Алматы өзені – МС Мыңжылқы,2026-03-25,Мәні,300,NA,NA,NA,660,discharge
43.1108,77.0756,14255,lightblue,Кіші Алматы өзені – Тұйықсу альпбаза,2026-03-25,Мәні,615,513,0.28,1,546,discharge
43.1399,77.0684,14257,lightblue,Кіші Алматы өзені – Сарысай өзені сағасынан төмен,2026-03-25,Мәні,310,246,0.746,1.8,600,discharge
43.1704,77.0394,14260,lightblue,Кіші Алматы өзені – Медеу,2026-03-25,Мәні,138,71,,1.6,600,discharge
43.1899,76.9933,14262,lightblue,Кіші Алматы өзені – Алматы қ.,2026-03-25,Мәні,248,176,0.918,2,600,discharge
43.1617,77.0393,14276,lightblue,Батарейка өз. – д/о «Просвещенец»,2026-03-25,Мәні,98,38,0.04,1.8,600,discharge
43.1793,77.0461,14277,lightblue,Бұтақ өзені – Бұтақ ауылы,2026-03-25,Мәні,290,246,0.22,1,600,discharge
43.6864,76.3104,14295,lightblue,Күрті өз – Ленин атындағы клх. Базасы (Ленин көпірі),2026-03-25,Мәні,461,226,3.27,8,600,discharge
43.123,76.433,14324,lightblue,Ұзын Қарғалы өзені – Фабричный ауылы,2026-03-25,Мәні,160,91,2.2,3,600,discharge
45.0143,75.4619,14329,lightblue,"Іле өзені, Суминка саласы – бастаудан 6 км төмен",2026-03-25,Мәні,548,256,NA,8,664,discharge
45.1428,75.3664,14332,lightblue,"Іле өзені, Жиделі тармағы – бастаудан 16 км төмен",2026-03-25,Мәні,277,111,228,8,600,discharge
45.4167,74.2667,14334,lightblue,"Іле өзені, Жиделі тармағы Ир саласы – сағадан 2,5 км жерде",2026-03-25,Мәні,256,158,66.9,1,600,discharge
47.5148,72.9142,14343,lightblue,Мойынты өзені – Киік т.ж.в.,2026-03-25,Мәні,464,231,NA,NA,665,discharge
48.3158,74.9985,14349,lightblue,Тоқырауын өзені – Ақтоғай а.,2026-03-25,Мәні,440,NA,NA,NA,575,discharge
47.8017,81.2622,14368,lightblue,Аягөз өзені – Тарбағатай ауылы,2026-03-25,Мәні,NA,185,4.48,0,NA 546,discharge
47.9439,80.4503,14369,lightblue,Аягөз өзені – Аягөз ауылы,2026-03-25,Мәні,NA,219,,0.2,513 519,discharge
45.5168,80.3242,14376,lightblue,Теректі өзені – Шатырбай ауылы,2026-03-25,Мәні,230,156,3.73,2.4,600,discharge
45.5438,80.5555,14382,lightblue,Лепсі өзені – Лепсі ауылы,2026-03-25,Мәні,420,265,7.11,1.2,546,discharge
46.2757,78.3298,14386,lightblue,Лепсі өзені – Төлебаев ауылы,2026-03-25,Мәні,560,420,14.9,0.5,NA 505,discharge
45.3985,80.1234,14390,lightblue,Басқан өзені – Екіаша ауылы,2026-03-25,Мәні,280,196,7.68,2.4,546 546,discharge
45.8853,78.7132,14397,lightblue,Аксу өзені – Матай т.ж.в.,2026-03-25,Мәні,350,-51,2.49,4,600,discharge
45.3702,79.9295,14401,lightblue,Сарықан өзені – Сарқанд қ.,2026-03-25,Мәні,350,248,2.62,3.1,600,discharge
45.28278,78.8251,14406,lightblue,Қызылағаш ө. – Қопалы а.,2026-03-25,Мәні,NA,89,NA,NA,NA,discharge
44.9325,78.45306,14412,lightblue,Қаратал ө. – Қарабұлақ а.,2026-03-25,Мәні,NA,174,NA,NA,NA,discharge
45.9958,77.1996,14413,lightblue,Қаратал өзені – Ақжар ауылы,2026-03-25,Мәні,750,396,87.3,0.6,600,discharge
45.221,77.9668,14414,lightblue,Қаратал өзені – Үштөбе қ.,2026-03-25,Мәні,350,20,51,55,600,discharge
45.01083,78.03611,14417,lightblue,Қаратал ө. – Тастөбе а.,2026-03-25,Мәні,NA,365,NA,NA,NA,discharge
44.8613,78.7727,14419,lightblue,Қараой өзені – Текелі қ.,2026-03-25,Мәні,410,242,4.28,4,546,discharge
44.8599,78.7937,14421,lightblue,Шыжын өзені – Текелі қ.,2026-03-25,Мәні,410,252,6.33,2.8,546,discharge
44.8576,78.7935,14426,lightblue,Текелі өзені – Текелі қ.,2026-03-25,Мәні,240,107,1.58,2,600,discharge
44.673,78.9286,14446,lightblue,Көксу өзені – Көксу ауылы,2026-03-25,Мәні,400,273,23.4,4.2,600,discharge
44.8269,78.3095,14448,lightblue,Көксу өзені – Мамбет ауылы,2026-03-25,Мәні,339,169,,0.2,600,discharge
44.5948,79.1673,14452,lightblue,Көктал өзені – Аралтөбе ауылы,2026-03-25,Мәні,440,212,3.46,0.4,NA 515,discharge
44.4358,78.3587,14476,lightblue,Быжы өзені – Қарымсақ ауылы,2026-03-25,Мәні,236,110,3.03,0.4,600,discharge
44.6341,77.9923,14489,lightblue,Дос өзені – Айнабұлақ ауылы,2026-03-25,Мәні,400,120,1.31,2,600,discharge
47.2367,81.5708,14506,lightblue,Үржар өзені – Қазымбет ауылы,2026-03-25,Мәні,NA,78,0.57,0.5,NA 515,discharge
46.3717,82.2375,14559,lightblue,Емель өзені - Қызылту ауылы (автожол көпірі),2026-03-25,Мәні,NA,141,10.1,0.4,600,discharge
45.7848,80.8781,14560,lightblue,Тентек өзені – Сапақ ауылы,2026-03-25,Мәні,400,246,9.79,NA,NA 515,discharge
45.9842,80.9684,14561,lightblue,Тентек өзені – Төңкеріс ауылы,2026-03-25,Мәні,400,147,20.8,3.2,600,discharge
45.7892,80.6383,14566,lightblue,Шынжалы өзені – Ақжар ауылы,2026-03-25,Мәні,240,28,NA,2,600,discharge
46.9234,82.8508,14567,lightblue,Ақшоқы өзені - Ақшоқы ауылы,2026-03-25,Мәні,NA,353,2.53,0,NA 546,discharge
45.0597,78.361,14580,lightblue,Көктал өзені – Плодоконсервный қ.ш.,2026-03-25,Мәні,226,99,4.34,4.6,600,discharge
45.4139,73.6847,14902,lightblue,Балқаш көлі – Мыңарал ауылы,2026-03-25,Мәні,404,175,,5,563,discharge
46.1222,73.6236,14903,lightblue,Балқаш көлі – Сарышаған бекеті,2026-03-25,Мәні,NA,179,,NA,545 540,discharge
46.8297,74.974,14904,lightblue,Балқаш көлі – Балхаш қ.,2026-03-25,Мәні,NA,195,,NA,545,discharge
46.5408,77.1605,14912,lightblue,Балқаш көлі – Қарақұм ауылы (Алғазы о.),2026-03-25,Мәні,NA,206,,NA,669 565,discharge
43.0564,76.9856,14914,lightblue,Үлкен Алматы көлі – көлдің солтүстік жағалауында,2026-03-25,Мәні,1050,474,,NA,565,discharge
46.3514,81.2889,14916,lightblue,Ұялы көлі – Алакөл ауылы (Қошқаркөл көлі),2026-03-25,Мәні,NA,58,,NA,NA 565,discharge
45.9548,81.5663,14917,lightblue,Алакөл көлі – Ақши ауылы,2026-03-25,Мәні,NA,1379,,NA,NA 566,discharge
46.6922,80.77,14919,lightblue,Сасыккөл көлі – Сағат ауылы,2026-03-25,Мәні,NA,350,,NA,670 541,discharge
45.5906,82.1717,14920,lightblue,Жалаңашкөл көлі – Жалаңашкөл бекеті,2026-03-25,Мәні,NA,153,,0.2,661,discharge
43.8867,77.1103,14921,lightblue,Қапшағай су қоймасы – Қапшағай қ.,2026-03-25,Мәні,1150,1052,,4,600,discharge
43.8416,77.8515,14922,lightblue,Қапшағай су қоймасы – Қарашоқы МС,2026-03-25,Мәні,1150,1044,,10,600,discharge
43.471,73.8244,15132,lightblue,Шу өзені – Белбасар ауылы,2026-03-25,Мәні,546,307,88.5,6,NA,discharge
44.8286,71.1436,15134,lightblue,Шу өзені (Б. Арна) – Ұланбел ауылы,2026-03-25,Мәні,438,266,34,7.2,NA,discharge
43.1274,73.799,15208,lightblue,Саргоу өзені – (Қырғызстанмен шекарада),2026-03-25,Мәні,705,NA,NA,NA,NA,discharge
43.1824,74.062,15213,lightblue,Ақсу өзені – Ақсу ауылы,2026-03-25,Мәні,310,135,6.29,8,NA,discharge
43.2122,74.016,15220,lightblue,Қарабалта өзені – Ақсу ауылы (Балаcағұн ауылы),2026-03-25,Мәні,802,NA,NA,NA,NA,discharge
43.3825,73.6069,15223,lightblue,Қорағаты өзені – Аспара т.ж.в.,2026-03-25,Мәні,440,40,0.42,7.1,NA,discharge
42.7653,73.2284,15233,lightblue,Мерке өзені – Ұлбутуй қыстауы,2026-03-25,Мәні,257,45,0.02,5,NA,discharge
42.7656,73.2292,15235,orange,Кан. ГЭС – Ұлбутуй қыстауы,2026-03-25,Мәні,497,472,1.5,NA,NA,discharge
44.8594,71.19,15245,lightblue,Шу өзені (М. Арна) – Ұланбел ауылы,2026-03-25,Мәні,426,158,1.37,7,NA,discharge
43.1276,73.8813,15256,lightblue,Тоқташ өзені – Жаугаш Батыр ауылы,2026-03-25,Мәні,512,286,2.08,3,NA,discharge
42.8233,71.5352,15264,lightblue,"Талас өзені - Жасөркен ауылы, (Кыргыстан Респ. шекарасы)",2026-03-25,Мәні,345,92,4.42,8.4,NA,discharge
42.8117,71.5285,15266,lightblue,Талас өзенінің саласы – Жасөркен ауылы,2026-03-25,Мәні,225,93,0.083,NA,NA,discharge
42.6833,71.2103,15309,lightblue,Ассы өзені - Маймақ теміржол станциясы,2026-03-25,Мәні,500,336,,8,NA,discharge
42.6722,70.8205,15314,lightblue,Теріс өзені – Нұрлыкент ауылы,2026-03-25,Мәні,438,237,14.3,9.7,600,discharge
42.6515,70.6688,15324,lightblue,Шоқпақ өзені – Жұрымбай ауылы (Зыковское ауылы),2026-03-25,Мәні,420,229,3.41,8.4,600,discharge
43.0311,70.8426,15334,lightblue,Асса өзені – Құмсуат ауылы,2026-03-25,Мәні,402,225,3.04,11.2,600 600,discharge
42.9217,70.6383,15342,lightblue,Берікқара өзені – таулардан шығар жерде,2026-03-25,Мәні,220,114,0.827,9,NA,discharge
43.1819,70.4339,15347,lightblue,Тамды өзені – Қаратау қ. (Тамды ауылы),2026-03-25,Мәні,410,129,3.71,6.5,NA,discharge
43.2939,74.1766,15368,lightblue,Шу өзені – Қайнар ауылы,2026-03-25,Мәні,802,320,50,12,600,discharge
42.8514,71.4675,15396,lightblue,Талас өзені – Солнечный ауылы,2026-03-25,Мәні,405,302,10.3,NA,NA,discharge
42.4188,70.9254,15416,lightblue,Көксай өзені – таудың шыға берісі,2026-03-25,Мәні,306,105,NA,2.2,NA,discharge
42.9884,70.6879,15961,lightblue,Билікөл көлі – демалыс аймағы,2026-03-25,Мәні,505,318,,8.5,NA,discharge
41.2652,67.9546,16031,lightblue,Сырдария өзені – Шардара су қоймасының төменгі бьефі,2026-03-25,Мәні,1180,632,628,9.8,600,discharge
42.1409,68.1394,16033,lightblue,Сырдария өзені – Байырқұм ауылы,2026-03-25,Мәні,618,470,,13.3,600,discharge
43.22,67.7965,16035,lightblue,Сырдария өзені – Көктөбе ауылы,2026-03-25,Мәні,704,635,626,11.8,600,discharge
44.0168,67.0231,16037,lightblue,Сырдария өзені – Төменарық т.ж.в.,2026-03-25,Мәні,874,508,627,11.2,600,discharge
41.0307,68.5196,16038,lightblue,Сырдария өзені - Шардара су қоймасынан жоғары,2026-03-25,Мәні,1111,869,NA,13,600,discharge
44.6294,65.9087,16039,lightblue,Сырдария өзені – Керкелмес өткелі,2026-03-25,Мәні,670,348,337,11,600,discharge
44.9856,65.2608,16042,lightblue,Сырдария өзені – Қараөзек т.ж.в.,2026-03-25,Мәні,655,541,199,10.6,600,discharge
45.4755,64.0797,16044,lightblue,Сырдария өзені – Жосалы қала типтес кенті,2026-03-25,Мәні,800,402,139,10.4,600,discharge
45.7411,62.1028,16047,lightblue,Сырдария өзені – Қазалы қ. (Казалинск),2026-03-25,Мәні,750,360,99.1,8.6,600,discharge
44.9942,65.2637,16052,lightblue,"Сырдария өзені, Қараөзек тармағы – Қараөзек т.ж.в",2026-03-25,Мәні,560,177,40.9,NA,NA,discharge
45.4766,64.0944,16053,lightblue,"Сырдария өзені, Қараөзек тармағы – Жосалы қала типтес кенті",2026-03-25,Мәні,800,409,58.7,NA,NA,discharge
42.6595,70.2098,16307,lightblue,Келес өзені – Қазықұрт ауылы,2026-03-25,Мәні,400,225,5.65,8.5,600,discharge
41.0185,68.6236,16317,lightblue,Келес өзені – сағасы,2026-03-25,Мәні,500,322,52.9,13.2,600,discharge
42.5535,70.1668,16319,lightblue,Арыс өзені – Жаскешу ауылы,2026-03-25,Мәні,400,295,5.81,9.4,600,discharge
42.4454,68.8491,16326,lightblue,Арыс өзені – Арыс т.ж.в.,2026-03-25,Мәні,849,391,48.5,14.6,600,discharge
42.7802,68.3543,16327,lightblue,Арыс өзені – Шәуілдір ауылы,2026-03-25,Мәні,716,451,37.7,7.6,600,discharge
42.4218,70.5462,16328,lightblue,Жабағлысу өзені – Жабағлысу ауылы,2026-03-25,Мәні,350,235,1.4,5.5,600,discharge
42.5842,70.1058,16331,lightblue,Балықты өзені – Шарапкент ауылы,2026-03-25,Мәні,251,158,3.17,11.2,600,discharge
42.4989,69.9624,16340,lightblue,Машат өзені – Кершетас ауылы,2026-03-25,Мәні,382,159,8.02,11,600,discharge
42.3591,69.9989,16350,lightblue,Ақсу өзені – Сарқырама ауылы,2026-03-25,Мәні,298,90,2.51,7.8,600,discharge
42.5481,69.6468,16353,lightblue,Ақсу өзені – Көлкент ауылы,2026-03-25,Мәні,430,259,6.93,NA,600,discharge
42.7612,70.2743,16358,lightblue,Боролдай өзені – Васильевка ауылы,2026-03-25,Мәні,512,NA,NA,NA,NA,discharge
42.7858,69.68,16363,lightblue,Боралдай өзені – Боралдай ауылы,2026-03-25,Мәні,380,207,29,10.9,600,discharge
42.338,69.4934,16374,lightblue,Бадам өзені – Қызылжар ауылы,2026-03-25,Мәні,625,229,5.52,13,600,discharge
42.4917,69.0878,16375,lightblue,Бадам өзені – Қараспан ауылы,2026-03-25,Мәні,431,180,7.82,14.2,600,discharge
42.2337,70.1527,16390,lightblue,Сайрам өзені – Тасарық ауылы,2026-03-25,Мәні,380,117,3.04,5.2,600,discharge
42.2557,70.4287,16395,lightblue,Болдыбрек өзені – Мемлекеттік қорықтың шекарасында,2026-03-25,Мәні,600,151,1.75,1,600,discharge
42.7973,69.2054,16401,lightblue,Бөген өзені – Екпенді ауылы,2026-03-25,Мәні,560,310,11.9,10.9,600,discharge
43.0483,69.8632,16404,lightblue,Қаттабұғын өзені өзені – Жарықбас ауылы,2026-03-25,Мәні,536,287,7.76,10,600,discharge
43.1505,69.5635,16411,lightblue,"Шаян өзені – Ақбет өзенінің сағасынан 3,3 км төмен",2026-03-25,Мәні,260,148,6.59,12.2,600,discharge
41.9213,70.0385,16412,lightblue,Угам өзені - Угам ауылы,2026-03-25,Мәні,356,152,NA,3,600,discharge
43.2054,69.3761,16414,lightblue,Арыстанды өзені – Алғабас ауылы,2026-03-25,Мәні,320,70,0.62,4.4,600,discharge
43.5201,68.568,16437,lightblue,Қарашық өзені – Хантағы ауылы,2026-03-25,Мәні,350,208,5.61,8.6,600,discharge
43.6802,68.0345,16474,lightblue,Ашылган өзені – Майдантал ауылы,2026-03-25,Мәні,350,232,1.52,9,600,discharge
40.9973,68.6562,16497,lightblue,"Сырдария өзені – Көкбұлақ ауылы, Келес өзенінің сағасынан жоғары",2026-03-25,Мәні,790,638,582,NA,600,discharge
42.5871,69.3598,16499,lightblue,Шұбарсу өзені – Шұбар ауылы,2026-03-25,Мәні,500,327,0.986,12.4,600,discharge
42.6594,70.2097,16557,lightblue,Көкбулак өзені – Пістелі ауылы,2026-03-25,Мәні,383,246,4.43,9.5,600,discharge
40.6408,68.6035,16620,lightblue,Достық каналы – Шұғыла ауылы,2026-03-25,Мәні,NA,563,48.2,10.4,600,discharge
44.7683,65.5276,16659,lightblue,Сырдария өзені – Тасбөгет қалалық типтегі ауылы,2026-03-25,Мәні,774,318,328,10,600,discharge
46.0387,61.0387,16676,lightblue,Сырдария өзені – Қаратерен ауылы,2026-03-25,Мәні,600,189,84,5.8,600,discharge
41.248,67.967,16910,lightblue,Шардара су қоймасы – Шардара қ.,2026-03-25,Мәні,2052,1988,,9.2,600,discharge
46.1856,61.9005,16918,lightblue,Қамыстыбас өзені - оңтүстік-шығыс жағалауы,2026-03-25,Мәні,NA,NA,,NA,NA,discharge
49.8875,48.2327,19009,lightblue,Кіші Өзен өзені - Қошанкөл ауылы,2026-03-25,Мәні,1300,395,NA,0,540 565,discharge
49.6245,48.8731,19010,lightblue,Кіші Өзен өзені – Бостандық ауылы,2026-03-25,Мәні,600,418,NA,0.2,545 665,discharge
47.0214,51.8153,19012,lightblue,Орал өзені (Жайық саласы) – Еркен-Қала ауылы,2026-03-25,Мәні,718,56,15.8,6.8,600,discharge
47.1059,54.3683,19013,lightblue,Ембі өзені – Құлсары ауылы (Аққызтоғай ауылы),2026-03-25,Мәні,340,157,8.85,11.4,600,discharge
47.26,55.57667,19014,lightblue,Ембі ө. – Миялы а.,2026-03-25,Мәні,1800,151,NA,NA,546,discharge
48.91694,53.79556,19015,lightblue,Ойыл ө.  – Миялы а.,2026-03-25,Мәні,736,213,NA,NA,600,discharge
50.085,48.8526,19021,lightblue,Үлкен Өзен өзені - Қайынды ауылы,2026-03-25,Мәні,1700,485,NA,NA,540 537,discharge
49.6582,49.4747,19022,lightblue,Үлкен Өзен өзені – Жалпақтал ауылы,2026-03-25,Мәні,820,601,NA,NA,540 665,discharge
50.8656,49.6507,19033,lightblue,Чижа 2 өзені – Чижа-2 ауылы,2026-03-25,Мәні,820,614,64,0.2,542,discharge
50.9417,49.961,19034,lightblue,Чижа 1 өзені – Чижа-1 ауылы,2026-03-25,Мәні,680,389,NA,0,537 665,discharge
51.1766,51.3795,19071,lightblue,Жайық өз.– Орал қ.,2026-03-25,Мәні,850,137,,0.2,543 564,discharge
50.8652,51.1421,19072,lightblue,Жайық өз. – Көшім ауылы,2026-03-25,Мәні,850,186,157,NA,564,discharge
51.4373,52.2473,19073,lightblue,Жайық өзені - Январцево ауылы,2026-03-25,Мәні,1000,246,170,0,539,discharge
49.0222,51.845,19075,lightblue,Жайық өз. – Тайпақ ауылы,2026-03-25,Мәні,1000,101,102,0.2,516,discharge
50.25333,53.73944,19076,lightblue,Шиелі ө. – Шалғын а.,2026-03-25,Мәні,380,89,NA,NA,540,discharge
50.09139,53.19333,19078,lightblue,Бұлдырты ө. – Бұлдырты а.,2026-03-25,Мәні,330,163,NA,NA,539,discharge
49.33222,54.56306,19079,lightblue,Ойыл ө. – Ақшатау а.,2026-03-25,Мәні,670,285,NA,NA,537 545,discharge
51.48111,53.27806,19080,lightblue,Жайық ө. – Жарсуат а.,2026-03-25,Мәні,1000,276,NA,NA,539,discharge
49.8107,57.3479,19081,lightblue,Ілек өз. - Тамды а.,2026-03-25,Мәні,700,188,1.41,0,537 545,discharge
50.8678,51.1358,19083,lightblue,Көшім тармағы (Көшім кан.) – Көшім ауылы,2026-03-25,Мәні,800,590,13.8,NA,539,discharge
50.0382,57.3601,19084,lightblue,Ілек өз.– Бестамақ ауылы,2026-03-25,Мәні,700,119,1.04,NA,564 545,discharge
49.484,58.5197,19130,lightblue,Шиелі өзені – Құмсай ауылы,2026-03-25,Мәні,600,223,NA,0,537 545,discharge
50.1254,59.0874,19132,lightblue,Ор өзені - Бугетсай ауылы,2026-03-25,Мәні,850,344,0.54,0,565,discharge
50.0123,57.4294,19134,lightblue,Тамды өзені – Бесқоспа ауылы,2026-03-25,Мәні,600,128,0.18,0,565,discharge
50.8725,56.7043,19180,lightblue,Орта-Буртя өзені - Дмитриевка ауылы,2026-03-25,Мәні,700,NA,NA,NA,575,discharge
50.3066,57.2257,19195,lightblue,Ілек өз.– Актөбе қ.,2026-03-25,Мәні,493,116,4.85,NA,539 545,discharge
50.7963,56.2582,19196,lightblue,Елек өзені - Целинное ауылы,2026-03-25,Мәні,675,192,4.29,NA,565,discharge
51.4315,51.5282,19198,lightblue,Шаған өзені - Каменный ауылынан төмен,2026-03-25,Мәні,1300,482,1.03,1,546,discharge
51.1193,54.0777,19201,lightblue,Елек өзені - Чилик ауылы,2026-03-25,Мәні,800,140,,NA,540 537,discharge
50.3189,57.3087,19205,lightblue,Қарғала өзені – Қарғала ауылы,2026-03-25,Мәні,547,68,4.67,0,546,discharge
50.7332,57.8873,19208,lightblue,Көс істек өз. –  Көсістек а.,2026-03-25,Мәні,600,193,0.234,0,537,discharge
50.3651,57.6462,19211,lightblue,Ақтасты өзені – Белогорский ауылы,2026-03-25,Мәні,800,339,1.03,0,546,discharge
50.1575,55.6876,19218,lightblue,Үлкен Қобда өзені – Қобда ауылы (Новоалексеевка ауылы),2026-03-25,Мәні,750,305,3.73,0.8,537 545,discharge
50.2318,56.2189,19220,lightblue,Қарахобда өзені – Алпасай ауылы,2026-03-25,Мәні,780,339,2.82,0,546,discharge
50.4525,54.1294,19229,lightblue,Утва өзені – Лубенка ауылы,2026-03-25,Мәні,540,358,NA,0.4,539 540,discharge
51.0599,52.9468,19231,lightblue,Утва өзені – Кентүбек ауылы (Григорьевка ауылы),2026-03-25,Мәні,700,329,NA,NA,540 665,discharge
50.72722,53.46556,19232,lightblue,Шыңғырлау ө. – Ақтау а.,2026-03-25,Мәні,650,286,NA,NA,540,discharge
51.5783,52.0793,19239,lightblue,Быковка өзені - Чеботарево ауылы,2026-03-25,Мәні,810,622,NA,NA,537 665,discharge
51.1103,50.3074,19240,lightblue,Деркүл өзені – Тасқала п. (Каменка п.),2026-03-25,Мәні,550,300,NA,NA,537 664,discharge
51.2718,51.0724,19243,lightblue,Деркул өзені – Белес ауылы (Ростошский ауылы),2026-03-25,Мәні,700,206,NA,NA,540 665,discharge
50.6611,52.1242,19246,lightblue,Куперанкаты өзені – Алғабас ауылы,2026-03-25,Мәні,945,278,9.52,0,543,discharge
50.2662,52.5984,19247,lightblue,Өлеңті өзені – Жымпиты ауылы,2026-03-25,Мәні,520,172,NA,1.4,537 665,discharge
50.5003,52.6499,19249,lightblue,Шидерты өзені – Аралтөбе ауылы (Жамбейтинский свх.),2026-03-25,Мәні,960,250,NA,0.5,537 665,discharge
51.4173,51.9458,19257,lightblue,Рубежка өзені – Рубежинское ауылы,2026-03-25,Мәні,1000,254,,6,600,discharge
49.199,55.8754,19261,lightblue,Ойыл өз. - Алтықарасу а.,2026-03-25,Мәні,720,422,0.46,0,546,discharge
51.26583,51.37861,19268,lightblue,Шаған ө. – Мичурино а.,2026-03-25,Мәні,1100,188,NA,NA,539,discharge
50.4477,58.0187,19270,lightblue,Көкпекті өзені – Троицкое ауылы,2026-03-25,Мәні,580,125,0.387,0,538 545,discharge
48.556,57.5406,19289,lightblue,Ембі өзені – Жағабұлак ауылы,2026-03-25,Мәні,600,119,0.508,0,537 545,discharge
48.4889,57.4317,19300,lightblue,Ембі өзені – Сага ауылы,2026-03-25,Мәні,500,169,4.02,0,600,discharge
49.3346,57.0664,19301,lightblue,Темір өзені – Сагашили ауылы,2026-03-25,Мәні,1100,822,0.631,0.4,539,discharge
48.9216,57.2269,19302,lightblue,Темір өзені – Ленин ауылы,2026-03-25,Мәні,700,288,0.32,NA,539 545,discharge
50.8728,54.7915,19462,lightblue,Үлкен Хобда өзені - Қогалы ауылы,2026-03-25,Мәні,700,137,4.26,NA,564,discharge
49.0891,54.6719,19463,lightblue,Ойыл өзені – Ойыл ауылы,2026-03-25,Мәні,1050,600,1.23,1.5,545,discharge
49.87028,53.92639,19501,lightblue,Қалдығайты ө. – Жігерлен а.,2026-03-25,Мәні,470,246,NA,NA,539,discharge
51.15,50.68972,19502,lightblue,Деркұл ө. – Зеленое а.,2026-03-25,Мәні,450,138,NA,NA,540,discharge
49.66306,54.8625,19503,lightblue,Киіл ө. – Ақкемер а.,2026-03-25,Мәні,1150,622,NA,NA,537 545,discharge
48.21833,55.78056,19504,lightblue,Сағыз ө. – Алтайбатыр ауылы,2026-03-25,Мәні,480,82,NA,NA,600,discharge
48.21167,54.86056,19505,lightblue,Сағыз ө.  – Сағыз а.,2026-03-25,Мәні,955,415,NA,NA,600,discharge
48.23611,54.87361,19506,lightblue,Ноғайты ө.  – Сағыз а.,2026-03-25,Мәні,433,47,NA,NA,600,discharge
50.33418,57.35139,19509,lightblue,Жаман Қарағала ө. – Қызылжар а.,2026-03-25,Мәні,NA,126,NA,NA,546,discharge
50.33417,55.67417,19513,lightblue,Сауқайың ө. – Білтабанова а.,2026-03-25,Мәні,750,460,NA,NA,537 545,discharge
49.16917,58.42917,19514,lightblue,Ембі ө. – Бұлақты ауылы,2026-03-25,Мәні,NA,144,NA,NA,600,discharge
48.84111,58.14528,19515,lightblue,Ембі ө. – Ембі қ.,2026-03-25,Мәні,NA,145,NA,NA,546,discharge
49.94417,51.30667,19516,lightblue,Жайық ө. – Мергенево а.,2026-03-25,Мәні,NA,346,NA,NA,539,discharge
47.684,51.5968,19801,lightblue,Жайық өз. – Махамбет ауылы,2026-03-25,Мәні,1345,342,140,5.2,600,discharge
47.1167,51.9195,19802,lightblue,Жайық өз. – Атырау қ.,2026-03-25,Мәні,695,198,138,5.1,600,discharge
47.0052,51.8193,19806,lightblue,Жайық өз.  – Жаңаталап п.,2026-03-25,Мәні,757,92,105,6.3,600,discharge
48.562,51.7422,19808,lightblue,Жайық өз. – Индербор п.,2026-03-25,Мәні,1215,205,94.7,2.9,600,discharge
46.5461,48.7591,77818,lightblue,"Волга өзені, Кигач саласы - Котяевка ауылы",2026-03-25,Мәні,518,69,,7,600,discharge
46.6019,49.2694,77819,lightblue,"Волга өзені, Шароновка тармағы - Ганюшкино ауылы",2026-03-25,Мәні,422,162,22.6,0.8,600,discharge
46.6118,48.6433,77895,lightblue,"Волга өзені, Кигач саласы - Шортанбай ауылы",2026-03-25,Мәні,555,202,172,5.2,600,discharge
46.59139,60.77667,96009,lightblue,Арал теңізі – Кіші теңіз жағалауы (Тастүбек а.),2026-03-25,Мәні,NA,40.62,NA,NA,NA,discharge
46.10889,60.76333,96010,lightblue,Кіші Арал теңізі – Көкарал бөгетінің жоғарғы бьефі,2026-03-25,Мәні,NA,40.6,NA,NA,600,discharge
46.3707,49.1916,97046,lightblue,Каспий теңізі – Иголкинская банка,2026-03-25,Мәні,NA,179,,4.6,600,discharge
46.9311,50.7835,97047,lightblue,Каспий теңізі – Жамбай ауылы,2026-03-25,Мәні,NA,NA,,NA,658,discharge
46.9173,51.6918,97048,lightblue,Каспий теңізі – Пешной о.,2026-03-25,Мәні,NA,-105,,7.1,600,discharge
44.9835,50.0076,97059,lightblue,Каспий теңізі – Кулалы аралы,2026-03-25,Мәні,NA,-164,,12,NA,discharge
44.5473,50.2426,97060,lightblue,Каспий теңізі – Форт-Шевченко қ.,2026-03-25,Мәні,NA,-166,,6,NA,discharge
43.6021,51.2163,97061,lightblue,Каспий теңізі – Ақтау қ. (Ақтау морпорт),2026-03-25,Мәні,NA,-165,,7,NA,discharge
43.1911,51.2748,97062,lightblue,"Каспий теңізі – Исан ауылы* (Песчаный мүйісі, Маяк Песчаный мүйісі)",2026-03-25,Мәні,NA,-157,,7,NA,discharge
42.7975,52.6198,97063,lightblue,Каспий теңізі – Фетисово ауылы* (Кендірлі демалыс базасы),2026-03-25,Мәні,NA,-128,,5,NA,discharge
44.2167,50.8073,97064,lightblue,Каспий теңізі – Саура демалыс орны (Саура ауылының маңы),2026-03-25,Мәні,NA,-166,,9,NA,discharge
43.1786,51.6647,97065,lightblue,Каспий теңізі – Құрық п. (Хазар ауылы),2026-03-25,Мәні,NA,-190,,8,NA,discharge
